"Schengen State","Country","Consulate","Number of Visa Applications","Visas Issued","Visas Denied","Not issued rate for uniform visas"
"Finland","RUSSIAN FEDERATION","ST. PETERSBURG","97,026","96,442","584","0.60%"
"Italy","RUSSIAN FEDERATION","MOSCOW","84,921","83,110","1,811","2.13%"
"France","RUSSIAN FEDERATION","MOSCOW","73,453","74,086","2,417","3.16%"
"Spain","RUSSIAN FEDERATION","MOSCOW","55,553","52,891","1,591","2.92%"
"Germany","RUSSIAN FEDERATION","MOSCOW","48,340","46,051","2,250","4.65%"
"France","ALGERIA","ALGIERS","48,225","39,792","14,179","26.22%"
"Czech Republic","UKRAINE","KYIV","47,754","44,993","2,761","5.78%"
"Czech Republic","UKRAINE","LVIV","47,624","45,953","1,669","3.50%"
"France","TUNISIA","TUNIS","46,308","35,122","12,182","25.73%"
"Greece","RUSSIAN FEDERATION","MOSCOW","40,840","36,648","2,276","5.85%"
"Czech Republic","RUSSIAN FEDERATION","MOSCOW","40,154","39,410","744","1.85%"
"Germany","TURKEY","ISTANBUL","36,584","32,714","3,858","10.55%"
"Lithuania","BELARUS","MINSK","36,558","36,477","57","0.16%"
"Spain","MOROCCO","TANGER","32,093","18,608","12,236","39.64%"
"France","UNITED KINGDOM","LONDON","28,938","26,217","3,576","12.00%"
"Netherlands","PHILIPPINES","MANILA","28,329","27,121","540","1.95%"
"France","MOROCCO","CASABLANCA","28,161","24,882","2,525","9.21%"
"Poland","BELARUS","MINSK","26,251","26,188","24","0.09%"
"Germany","TURKEY","ANKARA","25,831","19,652","6,175","23.91%"
"France","TURKEY","ISTANBUL","24,119","22,158","1,667","7.00%"
"France","ALGERIA","ORAN","23,505","13,660","11,593","45.86%"
"Switzerland","INDIA","NEW DELHI","21,825","20,069","1,737","7.96%"
"France","LEBANON","BEIRUT","21,465","15,882","4,727","22.90%"
"Italy","TURKEY","ISTANBUL","20,859","19,704","1,153","5.53%"
"France","ALGERIA","ANNABA","19,372","9,914","10,542","51.52%"
"Portugal","ANGOLA","LUANDA","18,634","11,407","7,230","38.79%"
"France","MOROCCO","RABAT","17,337","15,258","1,836","10.70%"
"Netherlands","INDIA","NEW DELHI","17,027","14,066","2,789","16.54%"
"Poland","BELARUS","BREST","17,003","16,848","41","0.24%"
"Greece","TURKEY","ISTANBUL","16,765","14,993","1,494","9.05%"
"Spain","ALGERIA","ALGIERS","16,523","9,354","4,686","33.35%"
"Germany","CHINA","SHANGHAI","15,801","14,737","1,064","6.73%"
"Italy","CHINA","BEIJING","15,712","15,190","522","3.32%"
"Poland","BELARUS","GRODNO","15,537","15,497","6","0.04%"
"France","MOROCCO","FES","14,494","13,324","3,807","22.22%"
"Netherlands","RUSSIAN FEDERATION","MOSCOW","14,414","13,048","1,163","8.18%"
"France","CHINA","SHANGHAI","14,159","14,221","1,317","8.48%"
"Poland","RUSSIAN FEDERATION","KALININGRAD","13,945","13,855","86","0.62%"
"Germany","THAILAND","BANGKOK","13,642","12,820","819","6.00%"
"Spain","MOROCCO","CASABLANCA","13,636","12,121","1,250","9.32%"
"France","EGYPT","CAIRO","13,493","10,512","2,724","20.37%"
"Estonia","RUSSIAN FEDERATION","ST. PETERSBURG","13,406","13,364","36","0.27%"
"Spain","ALGERIA","ORAN","13,323","7,831","4,797","37.21%"
"Germany","TURKEY","IZMIR","12,865","11,318","1,544","12.00%"
"Netherlands","TURKEY","ISTANBUL","12,575","10,514","1,819","14.72%"
"France","TURKEY","ANKARA","12,426","10,909","1,415","11.48%"
"Germany","CHINA","GUANGZHOU (CANTON)","11,789","11,036","753","6.39%"
"Germany","IRAN, ISLAMIC REPUBLIC OF","TEHERAN","11,779","7,092","4,650","39.48%"
"Netherlands","INDONESIA","JAKARTA","11,694","10,896","366","3.25%"
"Finland","RUSSIAN FEDERATION","MOSCOW","11,478","10,866","612","5.29%"
"France","CHINA","BEIJING","11,439","13,393","733","5.19%"
"Spain","CHINA","BEIJING","11,418","10,966","130","1.17%"
"France","CHINA","GUANGZHOU (CANTON)","11,348","11,689","437","3.60%"
"Hungary","RUSSIAN FEDERATION","MOSCOW","11,198","10,937","214","1.92%"
"France","SENEGAL","DAKAR","11,067","5,437","6,594","54.60%"
"Latvia","RUSSIAN FEDERATION","MOSCOW","10,928","10,786","156","1.42%"
"France","MOROCCO","TANGER","10,627","9,108","1,199","11.63%"
"France","SAUDI ARABIA","RIYADH","10,596","10,319","532","4.90%"
"Austria","RUSSIAN FEDERATION","MOSCOW","10,529","10,337","142","1.35%"
"Germany","CHINA","BEIJING","10,446","9,710","736","7.05%"
"France","INDIA","NEW DELHI","10,343","6,231","4,307","40.87%"
"Spain","CHINA","SHANGHAI","10,281","9,699","289","2.89%"
"France","THAILAND","BANGKOK","9,905","9,271","448","4.61%"
"Poland","RUSSIAN FEDERATION","MOSCOW","9,761","9,564","184","1.89%"
"Switzerland","KOSOVO","PRISTINA","9,732","172","2,548","26.18%"
"Switzerland","THAILAND","BANGKOK","9,650","9,278","365","3.78%"
"Germany","KOSOVO","PRISTINA","9,531","36","1,480","15.53%"
"Germany","INDIA","MUMBAI","9,514","8,420","1,093","11.49%"
"Italy","INDIA","MUMBAI","9,257","8,266","990","10.70%"
"Italy","CHINA","SHANGHAI","9,209","9,022","187","2.03%"
"France","COTE D'IVOIRE","ABIDJAN","9,169","5,708","3,636","38.89%"
"Spain","DOMINICAN REPUBLIC","SANTO DOMINGO","8,914","6,509","2,041","23.87%"
"Germany","UNITED KINGDOM","LONDON","8,852","8,341","298","3.37%"
"Germany","INDIA","NEW DELHI","8,707","6,458","2,215","25.44%"
"Germany","BELARUS","MINSK","8,407","8,276","119","1.42%"
"Lithuania","RUSSIAN FEDERATION","KALININGRAD","8,262","8,216","37","0.45%"
"France","INDIA","MUMBAI","8,255","7,317","1,029","12.33%"
"Germany","EGYPT","CAIRO","8,243","6,401","1,761","21.36%"
"France","SAUDI ARABIA","JEDDAH","8,075","7,253","934","11.41%"
"Netherlands","MOROCCO","RABAT","7,985","4,884","2,990","37.71%"
"France","MOROCCO","AGADIR","7,975","5,756","2,074","26.48%"
"France","USA","WASHINGTON, DC","7,965","7,524","453","5.68%"
"Spain","UNITED KINGDOM","LONDON","7,853","6,561","790","10.68%"
"Germany","UNITED ARAB EMIRATES","DUBAI","7,850","6,296","1,361","17.34%"
"France","IRAN, ISLAMIC REPUBLIC OF","TEHERAN","7,725","6,188","1,430","18.70%"
"Spain","CUBA","HAVANA","7,709","5,187","1,490","22.32%"
"Germany","INDIA","BANGALORE","7,706","6,867","824","10.69%"
"Italy","IRAN, ISLAMIC REPUBLIC OF","TEHERAN","7,647","4,691","2,955","38.64%"
"Spain","MOROCCO","RABAT","7,517","5,330","1,765","24.85%"
"Italy","THAILAND","BANGKOK","7,465","7,161","304","4.07%"
"Spain","PHILIPPINES","MANILA","7,246","6,788","429","5.94%"
"Spain","MOROCCO","NADOR","7,185","4,243","2,614","37.57%"
"Germany","TUNISIA","TUNIS","7,166","4,744","2,409","33.62%"
"Lithuania","BELARUS","GRODNO","7,160","7,100","1","0.01%"
"Germany","RUSSIAN FEDERATION","NOVOSIBIRSK","7,074","6,864","210","2.97%"
"France","INDONESIA","JAKARTA","7,066","6,589","206","3.03%"
"France","UNITED ARAB EMIRATES","ABU DHABI","7,054","5,823","1,083","15.68%"
"Netherlands","TURKEY","ANKARA","7,030","4,967","1,816","26.67%"
"Finland","RUSSIAN FEDERATION","PETROZAVODSK","6,698","6,663","35","0.52%"
"Estonia","RUSSIAN FEDERATION","MOSCOW","6,598","6,373","95","1.47%"
"France","PHILIPPINES","MANILA","6,557","5,704","812","12.46%"
"Spain","INDIA","MUMBAI","6,467","6,078","309","4.84%"
"Norway","THAILAND","BANGKOK","6,443","5,432","1,033","15.51%"
"Germany","INDONESIA","JAKARTA","6,435","6,088","346","5.38%"
"Greece","INDIA","NEW DELHI","6,298","5,181","1,104","17.56%"
"Italy","RUSSIAN FEDERATION","ST. PETERSBURG","6,255","6,117","127","2.03%"
"Spain","CHINA","GUANGZHOU (CANTON)","6,235","5,921","243","3.94%"
"Spain","ECUADOR","GUAYAQUIL","6,229","4,981","1,014","16.91%"
"Italy","CHINA","GUANGZHOU (CANTON)","6,220","5,882","327","5.26%"
"France","NIGERIA","LAGOS","6,075","2,895","3,305","52.95%"
"Germany","KAZAKHSTAN","ALMATY","6,050","4,967","1,077","17.80%"
"France","MOROCCO","MARRAKECH","6,033","5,053","823","14.01%"
"Spain","TURKEY","ISTANBUL","6,011","5,447","225","3.95%"
"Spain","ECUADOR","QUITO","6,008","4,487","978","17.90%"
"Belgium","CONGO, THE DEMOCRATIC REPUBLIC OF THE","KINSHASA","5,975","3,591","2,152","37.47%"
"Spain","MAURITANIA","NOUAKCHOTT","5,973","4,429","1,189","21.10%"
"Greece","TURKEY","IZMIR","5,945","5,576","352","5.94%"
"France","INDIA","BANGALORE","5,927","4,920","1,009","17.02%"
"Lithuania","RUSSIAN FEDERATION","MOSCOW","5,877","5,753","95","1.62%"
"Italy","INDONESIA","JAKARTA","5,738","5,603","135","2.35%"
"Germany","RUSSIAN FEDERATION","YEKATERINBURG","5,650","5,407","240","4.25%"
"Germany","PHILIPPINES","MANILA","5,504","5,043","461","8.38%"
"Germany","RUSSIAN FEDERATION","ST. PETERSBURG","5,485","5,435","48","0.88%"
"Netherlands","UNITED KINGDOM","LONDON","5,299","4,747","348","6.77%"
"Sweden","THAILAND","BANGKOK","5,283","4,193","1,087","20.59%"
"Italy","PHILIPPINES","MANILA","5,247","4,968","279","5.32%"
"Spain","SAUDI ARABIA","RIYADH","5,171","4,414","254","5.33%"
"Italy","TUNISIA","TUNIS","5,164","3,382","1,773","34.33%"
"Portugal","RUSSIAN FEDERATION","MOSCOW","5,151","4,925","226","4.39%"
"Hungary","BELARUS","MINSK","5,069","4,996","54","1.07%"
"Portugal","CAPE VERDE","CIDADE DA PRAIA","5,020","3,363","1,657","32.85%"
"Italy","EGYPT","CAIRO","5,008","4,131","837","16.71%"
"Italy","INDIA","NEW DELHI","4,982","3,173","1,771","35.55%"
"Italy","MOROCCO","CASABLANCA","4,919","3,330","1,583","32.18%"
"France","KUWAIT","KUWAIT","4,912","4,806","464","8.69%"
"Switzerland","RUSSIAN FEDERATION","MOSCOW","4,888","4,752","100","2.05%"
"Spain","INDIA","NEW DELHI","4,866","3,683","995","21.27%"
"Spain","MOROCCO","TETOUAN","4,784","2,719","950","25.37%"
"Italy","UNITED KINGDOM","LONDON","4,721","4,404","317","6.71%"
"Spain","TUNISIA","TUNIS","4,661","2,633","1,755","39.91%"
"Czech Republic","RUSSIAN FEDERATION","YEKATERINBURG","4,636","4,589","47","1.01%"
"Spain","INDONESIA","JAKARTA","4,588","4,466","52","1.15%"
"Germany","MOROCCO","RABAT","4,587","2,846","1,739","37.91%"
"Germany","SAUDI ARABIA","RIYADH","4,530","4,040","441","9.74%"
"Austria","TURKEY","ISTANBUL","4,421","3,886","533","12.06%"
"Finland","RUSSIAN FEDERATION","MURMANSK","4,343","4,267","76","1.75%"
"Italy","ALGERIA","ALGIERS","4,318","2,288","2,023","46.85%"
"Germany","KAZAKHSTAN","NUR-SULTAN","4,283","3,973","309","7.21%"
"Finland","THAILAND","BANGKOK","4,280","3,747","533","12.42%"
"Switzerland","TURKEY","ISTANBUL","4,275","3,683","499","11.67%"
"Austria","INDIA","NEW DELHI","4,251","3,611","640","15.06%"
"Netherlands","SURINAME","PARAMARIBO","4,235","3,418","753","17.90%"
"France","QATAR","DOHA","4,198","3,931","309","7.28%"
"Latvia","BELARUS","MINSK","4,193","4,230","3","0.07%"
"Italy","SOUTH AFRICA","JOHANNESBURG","4,167","3,559","608","14.59%"
"Hungary","TURKEY","ISTANBUL","4,140","3,221","429","11.72%"
"Germany","ALGERIA","ALGIERS","4,097","1,370","2,657","64.85%"
"Netherlands","THAILAND","BANGKOK","4,085","3,611","367","9.22%"
"Spain","UNITED ARAB EMIRATES","ABU DHABI","4,036","3,022","443","12.36%"
"Lithuania","KAZAKHSTAN","ALMATY","3,997","3,366","624","15.63%"
"Austria","THAILAND","BANGKOK","3,986","3,941","45","1.13%"
"Latvia","BELARUS","VITSYEBSK","3,961","4,042","20","0.49%"
"Sweden","INDIA","NEW DELHI","3,935","3,638","428","10.53%"
"France","CHINA","CHENGDU","3,932","4,026","117","2.82%"
"Czech Republic","INDIA","NEW DELHI","3,879","2,683","1,196","30.83%"
"Sweden","RUSSIAN FEDERATION","MOSCOW","3,854","2,645","150","5.37%"
"Denmark","THAILAND","BANGKOK","3,841","3,195","521","14.02%"
"Italy","KAZAKHSTAN","NUR-SULTAN","3,794","3,528","266","7.01%"
"Netherlands","UNITED ARAB EMIRATES","DUBAI","3,784","2,539","1,099","29.76%"
"Spain","SENEGAL","DAKAR","3,771","1,637","1,472","45.70%"
"Italy","UNITED ARAB EMIRATES","DUBAI","3,764","2,978","784","20.83%"
"France","MALI","BAMAKO","3,756","2,621","1,122","29.64%"
"Spain","MOROCCO","AGADIR","3,756","2,640","836","24.00%"
"France","INDIA","PONDICHERY","3,751","3,279","559","14.56%"
"Belgium","MOROCCO","CASABLANCA","3,745","1,924","1,737","47.41%"
"Belgium","PHILIPPINES","MANILA","3,739","3,365","177","5.00%"
"France","SOUTH AFRICA","JOHANNESBURG","3,711","3,572","157","4.21%"
"Denmark","INDONESIA","JAKARTA","3,695","3,569","20","0.56%"
"Czech Republic","CHINA","BEIJING","3,691","3,590","101","2.74%"
"Germany","INDIA","CHENNAI","3,666","2,977","688","18.77%"
"Spain","EGYPT","CAIRO","3,664","2,809","603","17.41%"
"Greece","TURKEY","EDIRNE","3,661","3,515","142","3.88%"
"Belgium","RUSSIAN FEDERATION","MOSCOW","3,653","3,404","160","4.49%"
"Norway","RUSSIAN FEDERATION","MOSCOW","3,596","3,430","166","4.52%"
"Sweden","TURKEY","ISTANBUL","3,560","2,703","959","26.19%"
"Netherlands","EGYPT","CAIRO","3,548","2,380","1,035","29.88%"
"Spain","IRAN, ISLAMIC REPUBLIC OF","TEHERAN","3,500","2,278","1,170","33.51%"
"Germany","QATAR","DOHA","3,468","2,758","219","6.31%"
"Italy","CHINA","CHONGQING","3,456","3,338","118","3.41%"
"Belgium","INDIA","MUMBAI","3,399","3,129","184","5.55%"
"Germany","RUSSIAN FEDERATION","KALININGRAD","3,364","3,336","28","0.83%"
"France","GABON","LIBREVILLE","3,353","2,506","835","24.99%"
"Spain","KUWAIT","KUWAIT","3,340","3,087","196","5.96%"
"Czech Republic","BELARUS","MINSK","3,335","3,330","4","0.12%"
"France","AZERBAIJAN","BAKU","3,320","2,965","337","10.20%"
"France","CHINA","SHENYANG","3,303","3,348","157","4.48%"
"Spain","THAILAND","BANGKOK","3,284","3,132","96","2.96%"
"France","MADAGASCAR","ANTANANARIVO","3,279","2,557","675","20.88%"
"Spain","RUSSIAN FEDERATION","ST. PETERSBURG","3,264","3,147","30","0.94%"
"Germany","ARMENIA","YEREVAN","3,243","2,790","451","13.91%"
"Netherlands","GHANA","ACCRA","3,238","1,427","1,781","55.43%"
"Germany","SOUTH AFRICA","PRETORIA","3,236","3,060","175","5.41%"
"Switzerland","UNITED ARAB EMIRATES","ABU DHABI","3,165","2,727","421","13.30%"
"Italy","BELARUS","MINSK","3,160","3,133","27","0.85%"
"Denmark","INDIA","NEW DELHI","3,156","2,620","231","8.10%"
"Italy","TURKEY","IZMIR","3,121","2,901","220","7.05%"
"Spain","PAKISTAN","ISLAMABAD","3,107","1,177","894","43.08%"
"Netherlands","SAUDI ARABIA","RIYADH","3,072","2,496","511","16.93%"
"Italy","ARMENIA","YEREVAN","3,014","2,681","333","11.05%"
"Germany","AZERBAIJAN","BAKU","2,991","2,580","403","13.47%"
"Italy","CUBA","HAVANA","2,988","2,298","690","23.09%"
"Czech Republic","TURKEY","ANKARA","2,981","2,704","276","9.26%"
"Italy","SAUDI ARABIA","RIYADH","2,929","2,816","106","3.62%"
"Greece","LEBANON","BEIRUT","2,889","2,316","307","11.56%"
"Latvia","RUSSIAN FEDERATION","KALININGRAD","2,883","2,836","6","0.21%"
"Spain","BOLIVIA","LA PAZ","2,880","1,705","873","33.85%"
"Finland","CHINA","BEIJING","2,878","2,618","260","9.02%"
"Portugal","GUINEA-BISSAU","BISSAU","2,852","1,263","1,589","55.72%"
"France","CHINA","WUHAN","2,848","3,284","37","1.11%"
"Sweden","CHINA","BEIJING","2,843","2,570","247","8.77%"
"Spain","LEBANON","BEIRUT","2,841","1,631","700","26.02%"
"Germany","KUWAIT","KUWAIT","2,799","2,620","177","6.32%"
"Netherlands","KUWAIT","KUWAIT","2,798","2,405","325","11.82%"
"Czech Republic","KAZAKHSTAN","NUR-SULTAN","2,787","2,470","317","11.37%"
"Denmark","UNITED KINGDOM","LONDON","2,769","2,501","105","4.02%"
"Greece","CHINA","BEIJING","2,764","2,556","67","2.55%"
"Germany","NIGERIA","LAGOS","2,760","1,424","1,333","48.30%"
"Germany","KYRGYZSTAN","BISHKEK","2,746","2,147","599","21.81%"
"Netherlands","PAKISTAN","ISLAMABAD","2,705","1,097","1,485","56.68%"
"Italy","LIBYA","TRIPOLI","2,694","1,994","642","23.83%"
"Spain","NIGERIA","LAGOS","2,689","818","1,631","66.60%"
"Netherlands","SOUTH AFRICA","PRETORIA","2,671","2,421","189","7.22%"
"Germany","MONGOLIA","ULAN BATOR","2,667","2,128","539","20.21%"
"Italy","BANGLADESH","DHAKA","2,665","1,045","1,594","59.81%"
"Switzerland","CHINA","SHANGHAI","2,645","2,614","29","1.10%"
"France","VIET NAM","HO CHI MINH","2,641","2,967","477","13.85%"
"Austria","CHINA","SHANGHAI","2,638","2,588","50","1.90%"
"Germany","IRAQ","ERBIL","2,612","1,457","1,147","43.91%"
"France","VIET NAM","HANOI","2,611","2,523","191","7.03%"
"Spain","QATAR","DOHA","2,596","2,238","209","8.43%"
"Italy","LEBANON","BEIRUT","2,583","1,730","480","18.58%"
"Germany","PAKISTAN","ISLAMABAD","2,556","1,383","1,158","45.31%"
"Italy","NIGERIA","LAGOS","2,539","1,428","1,093","43.05%"
"France","KAZAKHSTAN","NUR-SULTAN","2,535","2,209","304","12.09%"
"Netherlands","CHINA","SHANGHAI","2,527","2,488","26","1.03%"
"Greece","CHINA","SHANGHAI","2,496","1,900","41","2.11%"
"France","CONGO","BRAZZAVILLE","2,489","1,763","775","30.54%"
"Denmark","TURKEY","ANKARA","2,470","1,823","544","22.90%"
"Latvia","RUSSIAN FEDERATION","ST. PETERSBURG","2,465","2,506","17","0.67%"
"Switzerland","UNITED KINGDOM","LONDON","2,463","2,343","88","3.57%"
"Austria","CHINA","BEIJING","2,451","2,321","130","5.30%"
"Switzerland","CHINA","BEIJING","2,435","2,300","134","5.50%"
"Poland","TURKEY","ISTANBUL","2,434","2,046","385","15.84%"
"Netherlands","IRAN, ISLAMIC REPUBLIC OF","TEHERAN","2,428","808","1,580","65.64%"
"Finland","INDIA","NEW DELHI","2,424","2,116","308","12.70%"
"Spain","KAZAKHSTAN","NUR-SULTAN","2,424","2,315","52","2.19%"
"Norway","INDIA","NEW DELHI","2,412","2,056","353","14.31%"
"Germany","UZBEKISTAN","TASHKENT","2,365","1,899","446","18.86%"
"Belgium","TURKEY","ISTANBUL","2,361","1,493","744","33.24%"
"France","BENIN","COTONOU","2,294","1,853","397","17.64%"
"Czech Republic","RUSSIAN FEDERATION","ST. PETERSBURG","2,287","2,283","3","0.13%"
"Sweden","NORTH MACEDONIA","SKOPJE","2,274","15","658","26.55%"
"Estonia","BELARUS","MINSK","2,265","2,211","17","0.76%"
"Netherlands","CHINA","BEIJING","2,252","2,143","81","3.63%"
"Italy","SENEGAL","DAKAR","2,237","1,591","646","28.88%"
"Hungary","KAZAKHSTAN","ALMATY","2,224","2,073","116","5.30%"
"Germany","LEBANON","BEIRUT","2,215","1,166","1,027","46.37%"
"Germany","JORDAN","AMMAN","2,207","1,822","332","15.04%"
"Switzerland","INDONESIA","JAKARTA","2,199","2,164","34","1.55%"
"Denmark","PHILIPPINES","MANILA","2,192","1,971","165","7.72%"
"Estonia","RUSSIAN FEDERATION","PSKOV","2,182","2,173","9","0.41%"
"Poland","TURKEY","ANKARA","2,154","1,615","537","24.95%"
"Greece","PHILIPPINES","MANILA","2,145","1,966","40","1.99%"
"Finland","CHINA","SHANGHAI","2,088","1,962","126","6.03%"
"France","CANADA","MONTREAL","2,078","1,946","91","4.46%"
"France","SRI LANKA","COLOMBO","2,075","1,437","602","29.47%"
"Greece","UNITED KINGDOM","LONDON","2,070","1,959","39","1.95%"
"France","BURKINA FASO","OUAGADOUGOU","2,061","1,561","345","18.10%"
"France","CAMEROON","YAONDE","2,060","1,410","542","27.77%"
"Germany","PAKISTAN","KARACHI","2,058","1,297","707","34.35%"
"Italy","KUWAIT","KUWAIT","2,045","1,994","51","2.49%"
"Belgium","RWANDA","KIGALI","2,021","1,526","394","20.51%"
"Greece","RUSSIAN FEDERATION","NOVOROSSIYSK","1,999","1,795","182","9.15%"
"Lithuania","RUSSIAN FEDERATION","ST. PETERSBURG","1,987","1,945","27","1.37%"
"Belgium","UNITED KINGDOM","LONDON","1,984","1,690","195","10.33%"
"France","IRAQ","ERBIL","1,936","842","988","53.87%"
"Belgium","CHINA","BEIJING","1,931","1,794","23","1.27%"
"Hungary","RUSSIAN FEDERATION","KAZAN","1,930","1,927","1","0.05%"
"Germany","SOUTH AFRICA","CAPE TOWN","1,917","1,780","135","7.04%"
"Netherlands","TUNISIA","TUNIS","1,913","867","971","52.49%"
"Spain","SOUTH AFRICA","PRETORIA","1,912","1,825","19","1.03%"
"Spain","SOUTH AFRICA","CAPE TOWN","1,910","1,821","62","3.29%"
"Portugal","MOZAMBIQUE","MAPUTO","1,905","1,642","262","13.76%"
"Switzerland","SAUDI ARABIA","RIYADH","1,896","1,781","91","4.80%"
"Czech Republic","TURKEY","ISTANBUL","1,893","1,829","64","3.38%"
"Germany","BAHRAIN","MANAMA","1,882","1,765","114","6.06%"
"France","BELARUS","MINSK","1,879","1,856","7","0.38%"
"Denmark","RUSSIAN FEDERATION","MOSCOW","1,877","1,695","112","6.19%"
"Hungary","INDIA","MUMBAI","1,862","1,715","140","7.55%"
"Italy","SOUTH AFRICA","CAPE TOWN","1,845","1,694","151","8.18%"
"Switzerland","IRAN, ISLAMIC REPUBLIC OF","TEHERAN","1,835","1,416","405","22.07%"
"Portugal","SAUDI ARABIA","RIYADH","1,817","1,549","268","14.75%"
"France","SOUTH AFRICA","CAPE TOWN","1,807","1,685","78","4.42%"
"France","GUINEA","CONAKRY","1,797","813","793","49.38%"
"Spain","BOLIVIA","SANTA CRUZ DE LA SIERRA","1,793","1,126","428","27.54%"
"Italy","TURKEY","ANKARA","1,776","1,461","315","17.74%"
"Italy","PAKISTAN","ISLAMABAD","1,762","1,218","542","30.76%"
"Portugal","INDIA","NEW DELHI","1,753","1,267","484","27.64%"
"Greece","KOSOVO","PRISTINA","1,746","23","54","3.13%"
"Netherlands","QATAR","DOHA","1,745","1,202","489","28.75%"
"Italy","PAKISTAN","KARACHI","1,736","1,220","516","29.72%"
"Hungary","RUSSIAN FEDERATION","YEKATERINBURG","1,729","1,727","1","0.06%"
"France","CHAD","N'DJAMENA","1,715","1,045","613","36.97%"
"Greece","EGYPT","CAIRO","1,712","1,435","222","13.30%"
"Netherlands","CHINA","GUANGZHOU (CANTON)","1,708","1,669","24","1.42%"
"Spain","USA","NEW YORK, NY","1,696","1,651","21","1.25%"
"Netherlands","JORDAN","AMMAN","1,675","1,167","468","28.19%"
"Spain","GHANA","ACCRA","1,659","667","566","45.87%"
"Sweden","UNITED KINGDOM","LONDON","1,659","1,609","20","1.20%"
"Netherlands","OMAN","MUSCAT","1,653","1,425","209","12.76%"
"Spain","UNITED KINGDOM","EDINBURGH","1,632","1,491","32","2.10%"
"France","CAMEROON","DOUALA","1,596","1,076","356","24.81%"
"Belgium","INDIA","NEW DELHI","1,595","1,295","225","14.80%"
"Belgium","ALGERIA","ALGIERS","1,592","591","708","53.47%"
"Italy","ECUADOR","QUITO","1,591","1,137","454","28.54%"
"Germany","SRI LANKA","COLOMBO","1,576","1,298","278","17.64%"
"France","CAMBODIA","PHNOM PENH","1,568","1,195","411","25.59%"
"Italy","PANAMA","PANAMA CITY","1,563","1,095","468","29.94%"
"Germany","GHANA","ACCRA","1,551","972","579","37.33%"
"Italy","AZERBAIJAN","BAKU","1,537","1,338","198","12.88%"
"Italy","SAUDI ARABIA","JEDDAH","1,529","1,374","155","10.14%"
"Latvia","RUSSIAN FEDERATION","PSKOV","1,522","1,580","2","0.13%"
"Belgium","THAILAND","BANGKOK","1,513","1,257","183","12.70%"
"Spain","TURKEY","ANKARA","1,513","1,245","131","9.51%"
"Spain","EQUATORIAL GUINEA","MALABO","1,505","962","188","14.65%"
"Germany","OMAN","MUSCAT","1,504","1,418","83","5.52%"
"Netherlands","SOUTH AFRICA","CAPE TOWN","1,504","1,399","75","5.07%"
"Slovenia","RUSSIAN FEDERATION","MOSCOW","1,501","1,488","80","5.10%"
"Germany","NEPAL","KATHMANDU","1,488","1,123","365","24.53%"
"Portugal","CHINA","SHANGHAI","1,466","1,394","72","4.91%"
"Hungary","INDIA","NEW DELHI","1,460","842","571","40.41%"
"France","NIGERIA","ABUJA","1,459","828","725","41.52%"
"Czech Republic","UNITED ARAB EMIRATES","ABU DHABI","1,457","978","474","32.53%"
"Sweden","IRAN, ISLAMIC REPUBLIC OF","TEHERAN","1,452","501","824","61.91%"
"Switzerland","PHILIPPINES","MANILA","1,446","1,350","94","6.50%"
"Norway","UNITED ARAB EMIRATES","ABU DHABI","1,444","739","672","45.41%"
"Greece","SAUDI ARABIA","RIYADH","1,441","1,328","55","3.87%"
"Netherlands","ALGERIA","ALGIERS","1,440","591","805","57.42%"
"Germany","SAUDI ARABIA","JEDDAH","1,434","1,420","13","0.91%"
"Sweden","CHINA","SHANGHAI","1,433","1,520","116","7.09%"
"Portugal","SENEGAL","DAKAR","1,406","301","1,105","78.59%"
"Malta","RUSSIAN FEDERATION","MOSCOW","1,385","1,283","101","7.30%"
"Portugal","UNITED KINGDOM","LONDON","1,385","1,338","47","3.39%"
"Germany","IRAQ","BAGHDAD","1,361","1,041","294","21.60%"
"Czech Republic","THAILAND","BANGKOK","1,360","1,335","25","1.84%"
"France","INDIA","KOLKATA","1,351","1,198","63","5.00%"
"Slovakia","RUSSIAN FEDERATION","MOSCOW","1,350","1,343","0","0.00%"
"Switzerland","SRI LANKA","COLOMBO","1,350","1,006","311","23.04%"
"France","NIGER","NIAMEY","1,349","1,089","230","17.09%"
"Austria","INDONESIA","JAKARTA","1,348","1,335","13","0.96%"
"France","HAITI","PORT AU PRINCE","1,343","704","575","44.92%"
"Czech Republic","CHINA","SHANGHAI","1,342","1,305","37","2.76%"
"Denmark","CHINA","SHANGHAI","1,337","1,553","38","2.39%"
"Switzerland","QATAR","DOHA","1,336","1,236","79","5.91%"
"Italy","KOSOVO","PRISTINA","1,331","917","412","30.95%"
"Latvia","UZBEKISTAN","TASHKENT","1,321","1,177","207","14.89%"
"Germany","CHINA","SHENYANG","1,313","1,230","83","6.32%"
"Germany","CAMBODIA","PHNOM PENH","1,294","1,146","148","11.44%"
"Italy","GHANA","ACCRA","1,286","636","647","50.31%"
"Germany","MYANMAR","YANGON","1,278","1,012","266","20.81%"
"Italy","ETHIOPIA","ADDIS ABEBA","1,278","840","344","26.92%"
"Italy","JORDAN","AMMAN","1,252","948","299","23.88%"
"Switzerland","SOUTH AFRICA","PRETORIA","1,246","1,219","23","1.85%"
"Germany","VIET NAM","HO CHI MINH","1,242","1,012","230","18.52%"
"Netherlands","UNITED ARAB EMIRATES","ABU DHABI","1,225","816","337","28.90%"
"Denmark","CHINA","GUANGZHOU (CANTON)","1,220","1,401","64","4.37%"
"Germany","KENYA","NAIROBI","1,212","1,007","203","16.75%"
"Italy","QATAR","DOHA","1,206","1,084","114","9.45%"
"Austria","KAZAKHSTAN","NUR-SULTAN","1,202","1,190","12","1.00%"
"Germany","INDIA","KOLKATA","1,200","1,125","75","6.25%"
"Belgium","NIGERIA","ABUJA","1,195","616","528","45.64%"
"Norway","TURKEY","ANKARA","1,189","429","468","38.39%"
"Spain","OMAN","MUSCAT","1,168","944","136","11.96%"
"France","BAHRAIN","MANAMA","1,163","1,117","60","5.10%"
"Hungary","CHINA","BEIJING","1,163","1,091","48","4.21%"
"Portugal","SOUTH AFRICA","JOHANNESBURG","1,161","1,059","102","8.79%"
"France","CUBA","HAVANA","1,149","885","268","23.24%"
"Germany","VIET NAM","HANOI","1,148","927","221","19.25%"
"Czech Republic","SAUDI ARABIA","RIYADH","1,146","1,026","116","10.12%"
"France","CONGO","POINTE NOIRE","1,143","578","559","49.16%"
"Germany","ECUADOR","QUITO","1,133","1,010","123","10.86%"
"France","TOGO","LOME","1,124","779","334","30.01%"
"Sweden","BANGLADESH","DHAKA","1,123","688","503","42.13%"
"Spain","USA","MIAMI, FL","1,121","1,077","3","0.28%"
"Austria","SAUDI ARABIA","RIYADH","1,119","982","57","5.09%"
"Germany","TAJIKISTAN","DUSHANBE","1,109","801","308","27.77%"
"Austria","SOUTH AFRICA","PRETORIA","1,103","1,010","12","1.09%"
"Greece","IRAN, ISLAMIC REPUBLIC OF","TEHERAN","1,094","620","421","40.44%"
"France","ARMENIA","YEREVAN","1,093","875","246","21.94%"
"Hungary","INDONESIA","JAKARTA","1,091","1,090","0","0.00%"
"Germany","CHINA","CHENGDU","1,086","1,042","44","4.05%"
"Germany","PALESTINE","RAMALLAH","1,083","782","191","17.64%"
"Portugal","ANGOLA","BENGUELA","1,079","706","373","34.57%"
"France","UZBEKISTAN","TASHKENT","1,075","864","125","12.40%"
"Iceland","CHINA","BEIJING","1,069","1,804","20","1.10%"
"Spain","IRELAND","DUBLIN","1,069","907","14","1.52%"
"Germany","BANGLADESH","DHAKA","1,067","823","239","22.40%"
"Portugal","MOROCCO","RABAT","1,067","523","544","50.98%"
"France","SINGAPORE","SINGAPORE","1,062","1,036","22","2.08%"
"Switzerland","TUNISIA","TUNIS","1,058","755","242","22.87%"
"Switzerland","CHINA","GUANGZHOU (CANTON)","1,054","1,026","27","2.56%"
"Netherlands","LEBANON","BEIRUT","1,053","649","331","32.64%"
"Slovenia","KOSOVO","PRISTINA","1,049","726","333","18.68%"
"Switzerland","EGYPT","CAIRO","1,048","903","116","11.07%"
"France","ETHIOPIA","ADDIS ABEBA","1,030","768","218","21.78%"
"France","PAKISTAN","ISLAMABAD","1,028","496","502","50.10%"
"Hungary","CHINA","SHANGHAI","1,028","954","63","6.19%"
"France","ECUADOR","QUITO","1,025","802","195","19.56%"
"Greece","UNITED ARAB EMIRATES","ABU DHABI","1,022","797","193","19.49%"
"Netherlands","IRELAND","DUBLIN","1,022","962","37","3.69%"
"Portugal","SAO TOME AND PRINCIPE","SAO TOME","1,002","719","284","28.32%"
"Sweden","NIGERIA","ABUJA","993","170","836","83.10%"
"France","DOMINICAN REPUBLIC","SANTO DOMINGO","984","713","247","25.73%"
"Austria","EGYPT","CAIRO","983","846","137","13.94%"
"Norway","UNITED KINGDOM","LONDON","978","894","72","7.38%"
"Poland","UNITED KINGDOM","LONDON","966","935","31","3.19%"
"Spain","JORDAN","AMMAN","961","578","171","22.15%"
"Norway","CHINA","GUANGZHOU (CANTON)","959","919","40","4.17%"
"Italy","KENYA","NAIROBI","958","842","116","12.11%"
"Italy","INDIA","KOLKATA","957","574","383","40.02%"
"Switzerland","MOROCCO","RABAT","957","660","296","30.93%"
"Portugal","UNITED ARAB EMIRATES","ABU DHABI","953","729","224","23.43%"
"Netherlands","KENYA","NAIROBI","949","755","143","15.41%"
"Czech Republic","CHINA","CHENGDU","947","929","18","1.90%"
"Belgium","SENEGAL","DAKAR","945","364","469","56.30%"
"Greece","CHINA","GUANGZHOU (CANTON)","936","860","31","3.48%"
"Italy","MOROCCO","RABAT","930","771","159","17.10%"
"Poland","INDIA","MUMBAI","929","741","188","20.24%"
"Greece","JORDAN","AMMAN","922","653","92","12.23%"
"France","IRAQ","BAGHDAD","918","706","165","18.42%"
"Malta","CHINA","BEIJING","918","633","283","30.90%"
"Finland","TURKEY","ANKARA","910","549","361","39.45%"
"Austria","UNITED KINGDOM","LONDON","909","897","1","0.11%"
"France","GHANA","ACCRA","909","571","369","39.26%"
"Latvia","AZERBAIJAN","BAKU","909","830","74","8.19%"
"Germany","CUBA","HAVANA","903","709","194","21.48%"
"Greece","INDONESIA","JAKARTA","902","900","0","0.00%"
"Greece","RUSSIAN FEDERATION","ST. PETERSBURG","897","830","18","2.12%"
"Hungary","AZERBAIJAN","BAKU","895","803","88","9.88%"
"Greece","ARMENIA","YEREVAN","892","752","139","15.60%"
"France","JORDAN","AMMAN","890","799","111","12.13%"
"Italy","BAHRAIN","MANAMA","883","812","71","8.04%"
"Switzerland","KYRGYZSTAN","BISHKEK","883","775","108","12.23%"
"Belgium","CAMEROON","YAONDE","882","433","351","44.77%"
"Austria","BOSNIA AND HERZEGOVINA","SARAJEVO","876","874","2","0.23%"
"Hungary","UNITED ARAB EMIRATES","ABU DHABI","873","671","197","22.70%"
"Germany","SINGAPORE","SINGAPORE","869","847","22","2.53%"
"Spain","ISRAEL","JERUSALEM","867","408","156","27.04%"
"Iceland","INDIA","NEW DELHI","866","711","97","12.00%"
"Germany","USA","NEW YORK, NY","863","823","23","2.67%"
"Malta","TURKEY","ISTANBUL","860","724","134","15.62%"
"France","UGANDA","KAMPALA","859","581","271","31.77%"
"Belgium","TUNISIA","TUNIS","856","530","220","29.06%"
"Hungary","TURKEY","ANKARA","853","750","98","11.56%"
"Poland","UZBEKISTAN","TASHKENT","853","687","166","19.35%"
"Germany","UGANDA","KAMPALA","851","661","189","22.21%"
"France","MAURITANIA","NOUAKCHOTT","845","624","215","25.50%"
"France","KENYA","NAIROBI","834","739","39","4.89%"
"Portugal","ALGERIA","ALGIERS","834","282","552","66.19%"
"Denmark","UNITED ARAB EMIRATES","DUBAI","831","666","155","18.79%"
"Austria","UNITED ARAB EMIRATES","ABU DHABI","830","754","57","6.87%"
"Switzerland","LEBANON","BEIRUT","830","720","80","9.64%"
"Denmark","USA","NEW YORK, NY","823","772","20","2.53%"
"Netherlands","SENEGAL","DAKAR","813","239","553","69.56%"
"Germany","UNITED KINGDOM","EDINBURGH","803","753","49","6.10%"
"Germany","CYPRUS","NICOSIA","798","512","189","23.68%"
"Norway","CHINA","BEIJING","796","764","32","3.89%"
"Spain","ANGOLA","LUANDA","794","434","323","42.39%"
"France","BANGLADESH","DHAKA","791","401","371","47.14%"
"Hungary","RUSSIAN FEDERATION","ST. PETERSBURG","789","788","0","0.00%"
"Hungary","IRAN, ISLAMIC REPUBLIC OF","TEHERAN","783","408","373","47.70%"
"Italy","UNITED ARAB EMIRATES","ABU DHABI","783","643","140","17.88%"
"Switzerland","USA","NEW YORK, NY","782","746","14","1.79%"
"Czech Republic","AZERBAIJAN","BAKU","774","698","75","9.69%"
"Switzerland","SERBIA","BELGRADE","771","730","41","5.32%"
"France","OMAN","MUSCAT","768","691","74","9.67%"
"Germany","NAMIBIA","WINDHOEK","767","717","50","6.52%"
"Malta","UNITED KINGDOM","LONDON","767","724","41","5.33%"
"Finland","INDONESIA","JAKARTA","759","639","120","15.58%"
"Poland","INDIA","NEW DELHI","756","404","350","45.93%"
"Greece","TURKEY","ANKARA","755","618","90","12.36%"
"Greece","EGYPT","ALEXANDRIA","754","571","127","18.19%"
"Greece","SOUTH AFRICA","JOHANNESBURG","752","723","24","3.21%"
"Slovenia","TURKEY","ANKARA","748","650","114","14.81%"
"Germany","CAMEROON","YAONDE","747","473","274","36.68%"
"France","CENTRAL AFRICAN REPUBLIC","BANGUI","741","490","210","30.00%"
"Portugal","NIGERIA","ABUJA","741","199","542","73.14%"
"Italy","SRI LANKA","COLOMBO","739","230","509","68.88%"
"Germany","SERBIA","BELGRADE","735","728","5","0.68%"
"Germany","SENEGAL","DAKAR","729","375","353","48.42%"
"Greece","THAILAND","BANGKOK","727","640","85","11.72%"
"Norway","SOUTH AFRICA","PRETORIA","723","699","22","3.01%"
"Switzerland","PAKISTAN","ISLAMABAD","723","387","269","37.21%"
"Germany","USA","SAN FRANCISCO, CA","718","704","12","1.67%"
"Switzerland","KENYA","NAIROBI","718","615","84","11.70%"
"France","COMOROS","MORONI","714","355","317","47.17%"
"Poland","CHINA","SHANGHAI","712","626","86","12.08%"
"Switzerland","GHANA","ACCRA","710","404","306","43.10%"
"Malta","INDIA","NEW DELHI","705","338","361","51.57%"
"Belgium","UNITED ARAB EMIRATES","ABU DHABI","702","530","114","17.70%"
"Belgium","PAKISTAN","ISLAMABAD","695","313","320","50.47%"
"Sweden","PAKISTAN","ISLAMABAD","694","277","330","53.92%"
"Luxembourg","TURKEY","ANKARA","687","656","31","4.51%"
"Portugal","INDONESIA","JAKARTA","686","593","93","13.56%"
"Greece","KAZAKHSTAN","NUR-SULTAN","680","608","53","7.88%"
"France","IRELAND","DUBLIN","679","628","12","1.88%"
"Spain","MALI","BAMAKO","673","487","104","16.83%"
"Austria","PHILIPPINES","MANILA","671","639","32","4.77%"
"Switzerland","ALGERIA","ALGIERS","669","418","240","35.87%"
"Portugal","CHINA","BEIJING","661","632","29","4.39%"
"Spain","SUDAN","KHARTOUM","661","193","376","62.98%"
"France","MYANMAR","YANGON","659","565","24","4.07%"
"Sweden","MOROCCO","RABAT","658","289","364","55.74%"
"Italy","IRAQ","BAGHDAD","657","438","219","33.33%"
"Spain","GUINEA-BISSAU","BISSAU","655","332","212","38.90%"
"Denmark","KENYA","NAIROBI","654","428","202","31.91%"
"Switzerland","KAZAKHSTAN","NUR-SULTAN","654","596","41","6.27%"
"Switzerland","USA","SAN FRANCISCO, CA","654","647","5","0.76%"
"Germany","TURKMENISTAN","ASHGABAT","652","600","41","6.29%"
"Poland","EGYPT","CAIRO","652","449","201","30.92%"
"Hungary","EGYPT","CAIRO","649","434","177","28.69%"
"Italy","COTE D'IVOIRE","ABIDJAN","647","376","270","41.73%"
"Sweden","SOUTH AFRICA","PRETORIA","646","601","31","4.91%"
"Czech Republic","UNITED KINGDOM","LONDON","642","609","14","2.18%"
"Spain","KENYA","NAIROBI","639","419","73","13.90%"
"Belgium","BURUNDI","BUJUMBURA","637","254","234","47.95%"
"France","DJIBOUTI","DJIBOUTI","635","482","112","18.86%"
"Czech Republic","MOLDOVA","CHISINAU","633","626","7","1.11%"
"Germany","CANADA","TORONTO","629","602","17","2.70%"
"Hungary","KOSOVO","PRISTINA","627","457","149","24.59%"
"Netherlands","ISRAEL","TEL AVIV","627","438","52","8.58%"
"Sweden","UNITED ARAB EMIRATES","ABU DHABI","624","469","170","26.48%"
"Greece","SAUDI ARABIA","JEDDAH","623","485","115","19.17%"
"Netherlands","USA","SAN FRANCISCO, CA","621","581","10","1.68%"
"Portugal","SOUTH AFRICA","CAPE TOWN","618","600","18","2.91%"
"Germany","GUINEA","CONAKRY","617","339","277","44.89%"
"Portugal","THAILAND","BANGKOK","614","454","160","26.06%"
"Belgium","EGYPT","CAIRO","613","331","208","38.31%"
"Luxembourg","RUSSIAN FEDERATION","MOSCOW","613","605","8","1.31%"
"Belgium","SOUTH AFRICA","JOHANNESBURG","612","519","28","5.12%"
"Netherlands","USA","NEW YORK, NY","611","565","24","4.04%"
"France","SURINAME","PARAMARIBO","610","574","26","4.33%"
"Germany","USA","CHICAGO, IL","609","598","10","1.64%"
"Austria","UKRAINE","KYIV","606","603","3","0.50%"
"France","SUDAN","KHARTOUM","602","290","544","64.99%"
"Poland","KAZAKHSTAN","ALMATY","600","566","34","5.67%"
"Poland","ARMENIA","YEREVAN","597","534","62","10.40%"
"Slovakia","BELARUS","MINSK","594","593","0","0.00%"
"Denmark","PAKISTAN","ISLAMABAD","591","273","319","53.52%"
"France","ISRAEL","JERUSALEM","588","571","55","8.41%"
"Germany","COTE D'IVOIRE","ABIDJAN","588","336","252","42.86%"
"Germany","ETHIOPIA","ADDIS ABEBA","588","327","259","44.05%"
"Denmark","MOROCCO","RABAT","587","446","136","23.37%"
"Spain","VIET NAM","HANOI","582","403","22","5.18%"
"Belgium","COTE D'IVOIRE","ABIDJAN","581","368","198","34.86%"
"Netherlands","DOMINICAN REPUBLIC","SANTO DOMINGO","581","368","196","34.63%"
"Spain","BANGLADESH","DHAKA","580","339","184","34.65%"
"Belgium","IRAN, ISLAMIC REPUBLIC OF","TEHERAN","579","331","242","41.58%"
"Italy","USA","NEW YORK, NY","576","564","12","2.08%"
"Italy","CAMEROON","YAONDE","572","187","385","67.31%"
"Poland","RUSSIAN FEDERATION","IRKUTSK","572","571","1","0.17%"
"Greece","NIGERIA","ABUJA","571","410","156","27.56%"
"Sweden","ZAMBIA","LUSAKA","567","476","69","12.66%"
"Spain","USA","SAN FRANCISCO, CA","566","537","6","1.10%"
"Spain","COTE D'IVOIRE","ABIDJAN","563","294","173","36.97%"
"Belgium","LEBANON","BEIRUT","557","290","228","43.59%"
"Hungary","UNITED KINGDOM","LONDON","553","489","39","7.39%"
"Denmark","CHINA","BEIJING","550","488","30","5.79%"
"Austria","KUWAIT","KUWAIT","549","515","28","5.10%"
"Germany","DOMINICAN REPUBLIC","SANTO DOMINGO","549","366","183","33.33%"
"Lithuania","ARMENIA","YEREVAN","549","500","44","8.09%"
"Poland","ALGERIA","ALGIERS","547","314","231","42.39%"
"Switzerland","NIGERIA","ABUJA","546","390","143","26.19%"
"Netherlands","SINGAPORE","SINGAPORE","543","465","48","9.30%"
"Norway","CHINA","SHANGHAI","541","513","28","5.17%"
"Austria","IRAN, ISLAMIC REPUBLIC OF","TEHERAN","540","509","8","1.48%"
"Italy","UZBEKISTAN","TASHKENT","536","359","171","31.90%"
"Sweden","USA","WASHINGTON, DC","535","501","48","8.74%"
"Finland","UNITED ARAB EMIRATES","ABU DHABI","532","354","178","33.40%"
"Poland","AZERBAIJAN","BAKU","532","490","40","7.53%"
"Sweden","LEBANON","BEIRUT","528","211","328","57.24%"
"Austria","JORDAN","AMMAN","524","420","92","17.56%"
"Latvia","KAZAKHSTAN","NUR-SULTAN","520","494","32","6.08%"
"Hungary","JORDAN","AMMAN","519","428","76","15.02%"
"Netherlands","ETHIOPIA","ADDIS ABEBA","517","356","126","25.15%"
"Finland","KOSOVO","PRISTINA","516","1","515","63.90%"
"Denmark","GHANA","ACCRA","512","258","203","44.03%"
"Greece","TUNISIA","TUNIS","508","333","159","32.19%"
"Netherlands","VIET NAM","HO CHI MINH","506","443","41","8.44%"
"Finland","UNITED KINGDOM","LONDON","505","457","48","9.41%"
"Sweden","EGYPT","CAIRO","505","287","248","46.36%"
"Netherlands","CUBA","HAVANA","499","236","243","50.41%"
"Portugal","UNITED KINGDOM","MANCHESTER","495","469","26","5.24%"
"France","ANGOLA","LUANDA","494","222","239","51.73%"
"Netherlands","UGANDA","KAMPALA","494","302","182","37.30%"
"Germany","TANZANIA","DAR ES SALAAM","493","429","64","12.98%"
"Portugal","EGYPT","CAIRO","493","304","189","38.34%"
"Slovakia","CYPRUS","NICOSIA","493","475","7","1.45%"
"Denmark","SINGAPORE","SINGAPORE","492","467","14","2.91%"
"Belgium","CHINA","SHANGHAI","490","445","6","1.33%"
"Germany","IRELAND","DUBLIN","490","470","19","3.88%"
"Spain","EQUATORIAL GUINEA","BATA","490","354","76","16.78%"
"Spain","IRAQ","BAGHDAD","490","412","20","4.60%"
"Spain","SINGAPORE","SINGAPORE","487","477","4","0.83%"
"Switzerland","SINGAPORE","SINGAPORE","486","477","4","0.82%"
"Poland","UNITED ARAB EMIRATES","ABU DHABI","482","397","83","16.97%"
"Belgium","JORDAN","AMMAN","479","306","134","30.25%"
"Denmark","DENMARK","COPENHAGEN","478","419","4","0.92%"
"Norway","GHANA","ACCRA","474","213","263","53.46%"
"Netherlands","USA","WASHINGTON, DC","470","420","27","6.01%"
"Switzerland","VIET NAM","HO CHI MINH","469","439","28","5.97%"
"Italy","OMAN","MUSCAT","467","428","39","8.35%"
"France","ZIMBABWE","HARARE","463","426","46","9.75%"
"Czech Republic","MONGOLIA","ULAN BATOR","462","397","65","14.07%"
"France","JAPAN","TOKYO","461","446","17","3.67%"
"Portugal","INDIA","LONDON","2,677","2,614","63","2.35%"
"France","ZIMBABWE","HARARE","2,654","2,328","249","9.38%"
"Belgium","SAUDI ARABIA","RIYADH","2,649","2,222","184","6.95%"
"Germany","UNITED KINGDOM","EDINBURGH","2,638","2,560","77","2.92%"
"Czech Republic","UNITED KINGDOM","LONDON","2,630","2,507","62","2.36%"
"Italy","UGANDA","KAMPALA","2,630","2,059","565","21.48%"
"Estonia","CHINA","BEIJING","2,627","2,565","61","2.32%"
"Lithuania","CHINA","BEIJING","2,621","2,254","316","12.06%"
"Spain","COTE D'IVOIRE","ABIDJAN","2,607","1,663","789","30.25%"
"Denmark","GHANA","ACCRA","2,594","1,238","1,293","49.94%"
"Sweden","TURKEY","ANKARA","2,581","1,846","743","28.79%"
"Belgium","BURKINA FASO","OUAGADOUGOU","2,578","1,999","515","19.97%"
"Hungary","JORDAN","AMMAN","2,578","2,270","250","9.70%"
"Belgium","PAKISTAN","ISLAMABAD","2,571","1,100","1,296","50.72%"
"Italy","TANZANIA","DAR ES SALAAM","2,563","1,977","584","22.79%"
"Iceland","RUSSIAN FEDERATION","MOSCOW","2,505","2,487","15","0.60%"
"Norway","GHANA","ACCRA","2,487","1,384","1,078","43.35%"
"Italy","COTE D'IVOIRE","ABIDJAN","2,486","1,294","1,176","47.30%"
"Luxembourg","INDIA","NEW DELHI","2,485","2,298","186","7.48%"
"Netherlands","ETHIOPIA","ADDIS ABEBA","2,484","1,929","490","19.73%"
"Italy","IRAQ","ERBIL","2,478","1,083","1,311","52.91%"
"Portugal","EGYPT","CAIRO","2,471","1,913","554","22.42%"
"Estonia","INDIA","NEW DELHI","2,460","1,652","806","32.76%"
"Spain","GUINEA-BISSAU","BISSAU","2,441","1,465","787","32.23%"
"France","ANGOLA","LUANDA","2,420","1,497","863","33.29%"
"Czech Republic","IRAN","TEHERAN","2,410","1,368","1,034","42.90%"
"Greece","ALGERIA","ALGIERS","2,407","843","1,543","64.10%"
"Austria","ALGERIA","ALGIERS","2,398","1,814","584","24.35%"
"Denmark","MOROCCO","RABAT","2,378","1,827","543","22.83%"
"Finland","TUNISIA","TUNIS","2,346","1,520","796","33.93%"
"Malta","UNITED KINGDOM","LONDON","2,340","2,329","8","0.34%"
"Spain","USA","WASHINGTON, DC","2,337","2,275","",""
"Poland","KAZAKHSTAN","NUR-SULTAN","2,333","2,252","81","3.47%"
"Hungary","THAILAND","BANGKOK","2,329","2,274","40","1.72%"
"Latvia","KAZAKHSTAN","NUR-SULTAN","2,324","2,229","83","3.57%"
"Czech Republic","SERBIA","BELGRADE","2,315","2,297","17","0.73%"
"Italy","HONG KONG S.A.R.","HONG KONG","2,313","2,260","53","2.29%"
"Hungary","PAKISTAN","ISLAMABAD","2,310","1,088","1,192","51.60%"
"Switzerland","JORDAN","AMMAN","2,305","2,007","206","8.94%"
"Denmark","IRAN","TEHERAN","2,296","1,540","732","31.85%"
"Italy","MYANMAR","YANGON","2,287","2,225","62","2.71%"
"Spain","IRAQ","BAGHDAD","2,287","2,035","113","4.94%"
"Spain","SUDAN","KHARTOUM","2,282","1,321","773","33.93%"
"Austria","NIGERIA","ABUJA","2,280","1,221","1,058","46.38%"
"Denmark","VIETNAM","HANOI","2,254","2,087","182","8.07%"
"Germany","COTE D'IVOIRE","ABIDJAN","2,247","1,434","812","36.17%"
"Poland","THAILAND","BANGKOK","2,245","2,161","84","3.74%"
"Greece","QATAR","DOHA","2,243","1,871","275","12.26%"
"Italy","JAPAN","TOKYO","2,214","2,191","20","0.90%"
"Germany","HONG KONG S.A.R.","HONG KONG","2,213","2,096","7","0.32%"
"Germany","UKRAINE","KYIV","2,209","1,751","432","19.61%"
"Poland","SOUTH AFRICA","PRETORIA","2,207","1,959","248","11.24%"
"Slovenia","INDIA","NEW DELHI","2,200","1,902","289","13.14%"
"Austria","VIETNAM","HANOI","2,181","2,043","138","6.33%"
"Netherlands","VIETNAM","HANOI","2,167","1,802","205","9.45%"
"France","EQUATORIAL GUINEA","MALABO","2,158","1,454","604","28.02%"
"Italy","ERITREA","ASMARA","2,145","1,377","755","35.18%"
"Switzerland","CANADA","VANCOUVER","2,145","2,090","47","2.18%"
"Switzerland","BANGLADESH","DHAKA","2,141","1,574","560","26.16%"
"Greece","ISRAEL","JERUSALEM","2,132","1,903","109","5.11%"
"Austria","LEBANON","BEIRUT","2,115","1,983","132","6.24%"
"Portugal","UNITED KINGDOM","MANCHESTER","2,113","2,062","50","2.37%"
"Switzerland","COTE D'IVOIRE","ABIDJAN","2,106","1,636","423","20.09%"
"Hungary","ALGERIA","ALGIERS","2,099","743","1,208","57.55%"
"Germany","LAOS","VIENTIANE","2,085","1,977","108","5.18%"
"France","AUSTRALIA","SYDNEY","2,068","1,952","64","3.09%"
"Finland","IRAN","TEHERAN","2,063","749","1,235","59.86%"
"Greece","USA","NEW YORK, NY","2,060","2,039","0",""
"Hungary","QATAR","DOHA","2,056","1,864","180","8.75%"
"Denmark","KENYA","NAIROBI","2,055","1,500","456","22.19%"
"Spain","USA","SAN FRANCISCO, CA","2,038","2,001","8","0.39%"
"Greece","KENYA","NAIROBI","2,028","1,625","389","19.18%"
"Poland","AZERBAIJAN","BAKU","2,013","1,947","66","3.28%"
"Czech Republic","VIETNAM","HANOI","1,976","1,412","564","28.54%"
"Germany","USA","LOS ANGELES, CA","1,975","1,932","28","1.40%"
"Italy","UKRAINE","KYIV","1,967","1,716","242","12.30%"
"Poland","UNITED ARAB EMIRATES","ABU DHABI","1,955","1,736","219","11.20%"
"Spain","USA","CHICAGO, IL","1,953","1,874","14","0.72%"
"Malta","UNITED ARAB EMIRATES","ABU DHABI","1,933","938","958","49.56%"
"Belgium","SOUTH AFRICA","CAPE TOWN","1,932","1,867","29","1.50%"
"Spain","USA","LOS ANGELES, CA","1,932","1,823","",""
"Estonia","KAZAKHSTAN","NUR-SULTAN","1,928","1,805","102","5.29%"
"France","IRELAND","DUBLIN","1,918","1,838","16","0.83%"
"Spain","HONG KONG S.A.R.","HONG KONG","1,916","1,860","20","1.04%"
"Finland","VIETNAM","HANOI","1,906","1,577","299","15.69%"
"Germany","NIGERIA","ABUJA","1,894","1,750","75","3.89%"
"Germany","BOTSWANA","GABORONE","1,885","1,842","43","2.28%"
"Poland","RUSSIAN FEDERATION","ST. PETERSBURG","1,883","1,867","16","0.85%"
"Austria","TUNISIA","TUNIS","1,881","1,538","341","18.11%"
"Germany","JAPAN","TOKYO","1,876","1,853","16","0.85%"
"Spain","JAPAN","TOKYO","1,876","1,739","63","3.36%"
"Denmark","NIGERIA","ABUJA","1,865","678","1,175","62.89%"
"Netherlands","MALI","BAMAKO","1,864","863","970","52.04%"
"Germany","USA","BOSTON, MA","1,855","1,845","5","0.26%"
"Hungary","SOUTH AFRICA","PRETORIA","1,847","1,768","72","3.90%"
"Denmark","EGYPT","CAIRO","1,843","1,432","338","18.33%"
"Spain","CONGO (DEMOCRATIC REPUBLIC)","KINSHASA","1,843","781","872","47.29%"
"Austria","AZERBAIJAN","BAKU","1,840","1,794","46","2.50%"
"Hungary","UNITED KINGDOM","LONDON","1,837","1,697","109","5.93%"
"Denmark","SAUDI ARABIA","RIYADH","1,836","1,574","167","9.09%"
"Italy","CANADA","TORONTO","1,830","1,817","13","0.71%"
"France","TANZANIA","DAR ES SALAAM","1,828","1,361","426","23.30%"
"Italy","NIGERIA","ABUJA","1,824","1,718","58","3.18%"
"Germany","CYPRUS","NICOSIA","1,822","1,285","234","12.84%"
"Netherlands","NEPAL","KATHMANDU","1,822","831","944","51.69%"
"Poland","INDONESIA","JAKARTA","1,822","1,791","31","1.70%"
"Belgium","VIETNAM","HANOI","1,821","1,591","153","8.40%"
"Greece","SINGAPORE","SINGAPORE","1,814","1,766","35","1.93%"
"Latvia","INDIA","NEW DELHI","1,814","851","956","52.70%"
"Netherlands","CUBA","HAVANA","1,802","924","857","44.65%"
"Italy","CONGO (BRAZZAVILLE)","BRAZZAVILLE","1,799","592","1,205","66.98%"
"Germany","ANGOLA","LUANDA","1,797","1,022","775","43.10%"
"Switzerland","USA","ATLANTA, GA","1,795","1,784","8","0.45%"
"Netherlands","USA","MIAMI, FL","1,780","1,675","70","3.92%"
"Latvia","UKRAINE","KYIV","1,779","1,730","47","2.64%"
"Norway","VIETNAM","HANOI","1,779","1,614","161","9.05%"
"Switzerland","ECUADOR","QUITO","1,776","1,678","96","5.41%"
"Czech Republic","INDONESIA","JAKARTA","1,764","1,753","11","0.62%"
"Spain","CAMEROON","YAONDE","1,708","901","768","44.96%"
"Germany","BOLIVIA","LA PAZ","1,703","1,621","76","4.45%"
"Netherlands","SUDAN","KHARTOUM","1,702","1,076","522","30.62%"
"Norway","KENYA","NAIROBI","1,696","1,353","290","17.10%"
"Greece","TUNISIA","TUNIS","1,693","1,237","443","26.17%"
"Poland","NORTH MACEDONIA","SKOPJE","1,693","1,002","691","40.82%"
"Italy","BOLIVIA","LA PAZ","1,686","1,215","471","27.94%"
"Denmark","LEBANON","BEIRUT","1,675","1,077","547","32.66%"
"Italy","AUSTRALIA","MELBOURNE","1,673","1,666","7","0.42%"
"Switzerland","CAMEROON","YAONDE","1,658","939","719","43.37%"
"Netherlands","MYANMAR","YANGON","1,648","1,413","101","6.13%"
"France","MOZAMBIQUE","MAPUTO","1,642","1,458","134","8.12%"
"Italy","SOUTH AFRICA","PRETORIA","1,639","1,600","39","2.38%"
"Poland","IRAQ","ERBIL","1,621","665","956","58.98%"
"Sweden","JORDAN","AMMAN","1,616","1,109","449","27.78%"
"Sweden","KENYA","NAIROBI","1,611","1,166","393","24.39%"
"Italy","USA","PHILADELPHIA, PA","1,604","1,588","15","0.94%"
"Germany","SUDAN","KHARTOUM","1,596","1,125","443","27.74%"
"Poland","IRAN","TEHERAN","1,596","1,097","499","31.27%"
"Belgium","KENYA","NAIROBI","1,593","1,198","261","16.38%"
"Italy","USA","HOUSTON, TX","1,593","1,551","41","2.57%"
"Switzerland","DOMINICAN REPUBLIC","SANTO DOMINGO","1,579","1,118","459","29.07%"
"Czech Republic","EGYPT","CAIRO","1,578","1,039","535","33.90%"
"Spain","MALI","BAMAKO","1,565","928","464","29.61%"
"Lithuania","AZERBAIJAN","BAKU","1,554","1,315","234","15.06%"
"Finland","SOUTH AFRICA","PRETORIA","1,551","1,462","80","5.16%"
"Spain","CANADA","TORONTO","1,535","1,487","1","0.07%"
"Czech Republic","NORTH MACEDONIA","SKOPJE","1,528","105","154","10.08%"
"Greece","IRAQ","BAGHDAD","1,528","1,010","397","25.98%"
"Germany","USA","HOUSTON, TX","1,519","1,411","102","6.32%"
"Italy","IRELAND","DUBLIN","1,519","1,479","34","2.24%"
"Italy","AUSTRALIA","SYDNEY","1,515","1,505","4","0.26%"
"Luxembourg","TURKEY","ANKARA","1,515","1,455","59","3.89%"
"Lithuania","KAZAKHSTAN","NUR-SULTAN","1,512","1,503","8","0.53%"
"Sweden","CUBA","HAVANA","1,507","1,244","249","16.52%"
"Greece","VIETNAM","HANOI","1,503","1,390","103","6.85%"
"Belgium","USA","NEW YORK, NY","1,490","779","26","1.74%"
"Luxembourg","CHINA","BEIJING","1,489","1,460","28","1.88%"
"Germany","USA","WASHINGTON, DC","1,488","1,452","30","1.98%"
"Poland","JORDAN","AMMAN","1,487","1,282","205","13.79%"
"Sweden","COLOMBIA","BOGOTA","1,485","1,159","289","19.46%"
"Belgium","CUBA","HAVANA","1,478","1,123","269","18.20%"
"Portugal","TUNISIA","TUNIS","1,475","1,227","246","16.68%"
"Slovakia","CHINA","BEIJING","1,475","1,311","162","10.98%"
"Netherlands","CANADA","TORONTO","1,471","1,372","71","4.82%"
"Netherlands","GEORGIA","TBILISSI","1,466","907","532","36.29%"
"Germany","ISRAEL","TEL AVIV","1,461","1,450","6","0.41%"
"Sweden","TANZANIA","DAR ES SALAAM","1,457","1,140","115","7.89%"
"Poland","LEBANON","BEIRUT","1,455","1,320","135","9.28%"
"Switzerland","SENEGAL","DAKAR","1,455","1,119","320","21.99%"
"Finland","HONG KONG S.A.R.","HONG KONG","1,454","1,416","28","1.93%"
"Austria","UKRAINE","KYIV","1,447","1,403","44","3.04%"
"Belgium","ANGOLA","LUANDA","1,443","884","450","31.19%"
"Denmark","BANGLADESH","DHAKA","1,441","1,172","247","17.14%"
"Belgium","QATAR","DOHA","1,429","1,179","165","11.55%"
"Lithuania","TURKEY","ANKARA","1,428","1,046","274","19.19%"
"France","MALAYSIA","KUALA LUMPUR","1,427","1,129","282","19.82%"
"Germany","MAURITANIA","NOUAKCHOTT","1,422","1,023","399","28.06%"
"Portugal","QATAR","DOHA","1,422","1,131","291","20.45%"
"Hungary","VIETNAM","HO CHI MINH","1,410","1,160","209","14.82%"
"Netherlands","UKRAINE","KYIV","1,401","875","519","37.06%"
"Netherlands","AUSTRALIA","SYDNEY","1,397","1,214","133","9.52%"
"Greece","CYPRUS","NICOSIA","1,396","1,155","208","14.90%"
"Spain","UKRAINE","KYIV","1,393","1,159","183","13.12%"
"Italy","USA","LOS ANGELES, CA","1,386","1,376","10","0.72%"
"Spain","USA","BOSTON, MA","1,384","1,367","",""
"Switzerland","AZERBAIJAN","BAKU","1,383","1,237","146","10.56%"
"Italy","SUDAN","KHARTOUM","1,379","1,157","222","16.10%"
"Spain","NAMIBIA","WINDHOEK","1,378","1,294","55","3.99%"
"Latvia","TURKEY","ANKARA","1,377","1,229","142","10.31%"
"Switzerland","CONGO (DEMOCRATIC REPUBLIC)","KINSHASA","1,377","885","457","33.19%"
"Switzerland","SERBIA","BELGRADE","1,372","1,314","54","3.94%"
"Lithuania","INDIA","NEW DELHI","1,370","916","447","32.63%"
"Norway","KOSOVO","PRISTINA","1,370","7","193","14.09%"
"Spain","MOZAMBIQUE","MAPUTO","1,360","1,158","115","8.44%"
"Switzerland","ETHIOPIA","ADDIS ABEBA","1,343","1,164","150","11.17%"
"Italy","USA","CHICAGO, IL","1,342","1,336","6","0.45%"
"Switzerland","HONG KONG S.A.R.","HONG KONG","1,341","1,333","8","0.60%"
"Hungary","UKRAINE","KYIV","1,328","1,275","52","3.92%"
"Poland","SAUDI ARABIA","RIYADH","1,328","1,214","114","8.58%"
"Austria","KENYA","NAIROBI","1,326","1,154","172","12.97%"
"Spain","ARGENTINA","BUENOS AIRES","1,324","1,209","99","7.47%"
"Hungary","SAUDI ARABIA","RIYADH","1,317","1,051","181","13.74%"
"Switzerland","AUSTRALIA","SYDNEY","1,314","1,302","9","0.68%"
"Portugal","MOZAMBIQUE","BEIRA","1,313","1,246","66","5.03%"
"Malta","TUNISIA","TUNIS","1,290","972","318","24.65%"
"Germany","JAMAICA","KINGSTON","1,289","1,196","93","6.99%"
"Switzerland","CANADA","MONTREAL","1,289","1,258","9","0.78%"
"Spain","CAPE VERDE","CIDADE DA PRAIA","1,282","722","529","41.26%"
"France","ROMANIA","BUCHAREST","1,278","1,191","51","3.99%"
"Germany","TOGO","LOME","1,275","887","386","30.27%"
"Greece","USA","WASHINGTON, DC","1,275","457","2","0.16%"
"Poland","QATAR","DOHA","1,262","1,069","193","15.29%"
"France","UKRAINE","KYIV","1,261","1,053","198","15.64%"
"Germany","BURKINA FASO","OUAGADOUGOU","1,259","1,095","161","12.79%"
"Italy","USA","MIAMI, FL","1,258","1,127","131","10.41%"
"Germany","SERBIA","BELGRADE","1,255","1,206","34","2.71%"
"Austria","MOROCCO","RABAT","1,246","772","474","38.04%"
"Malta","EGYPT","CAIRO","1,240","847","370","29.84%"
"Germany","USA","ATLANTA, GA","1,239","1,201","33","2.48%"
"Slovakia","INDIA","NEW DELHI","1,229","916","301","24.49%"
"Poland","CHINA","CHENGDU","1,217","1,185","32","2.63%"
"Hungary","UKRAINE","UZHHOROD","1,213","1,179","32","2.64%"
"Germany","IRELAND","DUBLIN","1,211","1,176","20","1.65%"
"Netherlands","IRAQ","ERBIL","1,204","935","219","18.19%"
"Italy","MOZAMBIQUE","MAPUTO","1,202","1,108","94","7.82%"
"Germany","ZIMBABWE","HARARE","1,194","943","251","21.02%"
"Belgium","JAMAICA","KINGSTON","1,191","963","82","6.88%"
"Hungary","NIGERIA","ABUJA","1,179","579","582","49.36%"
"Germany","MALI","BAMAKO","1,178","753","421","35.74%"
"Greece","BULGARIA","SOFIA","1,177","1,148","10","0.85%"
"Germany","MOZAMBIQUE","MAPUTO","1,173","1,044","70","5.96%"
"Switzerland","USA","WASHINGTON, DC","1,173","1,139","24","2.05%"
"Spain","HAITI","PORT AU PRINCE","1,164","832","294","25.13%"
"Poland","NIGERIA","ABUJA","1,160","611","549","47.33%"
"Hungary","LEBANON","BEIRUT","1,157","993","152","13.14%"
"Switzerland","TANZANIA","DAR ES SALAAM","1,152","1,085","65","5.64%"
"Finland","EGYPT","CAIRO","1,150","797","337","29.30%"
"Spain","ETHIOPIA","ADDIS ABEBA","1,150","882","166","14.42%"
"Poland","UKRAINE","KYIV","1,146","986","160","13.96%"
"Italy","TURKMENISTAN","ASHGABAT","1,145","1,113","32","2.79%"
"Netherlands","ZIMBABWE","HARARE","1,139","985","133","11.65%"
"Netherlands","IRAQ","BAGHDAD","1,135","915","146","12.86%"
"Slovenia","TURKEY","ANKARA","1,135","958","165","14.54%"
"Czech Republic","TUNISIA","TUNIS","1,129","645","481","42.60%"
"Austria","NORTH MACEDONIA","SKOPJE","1,125","872","253","22.49%"
"Austria","BOSNIA AND HERZEGOVINA","SARAJEVO","1,116","1,113","3","0.27%"
"Germany","ZAMBIA","LUSAKA","1,115","988","127","11.39%"
"Italy","MONGOLIA","ULAN BATOR","1,114","988","111","9.96%"
"Belgium","UGANDA","KAMPALA","1,111","900","172","15.48%"
"Belgium","ETHIOPIA","ADDIS ABEBA","1,110","819","192","17.25%"
"Italy","GABON","LIBREVILLE","1,110","719","390","35.14%"
"Slovakia","CYPRUS","NICOSIA","1,104","1,076","18","1.63%"
"Italy","ANGOLA","LUANDA","1,102","858","242","21.96%"
"Czech Republic","MOLDOVA","CHISINAU","1,099","1,078","21","1.91%"
"Poland","UKRAINE","LVIV","1,090","1,033","57","5.23%"
"Greece","AZERBAIJAN","BAKU","1,089","874","189","17.36%"
"Italy","CANADA","VANCOUVER","1,089","1,083","6","0.55%"
"Norway","JORDAN","AMMAN","1,081","805","237","21.92%"
"Spain","USA","HOUSTON, TX","1,078","1,025","12","1.11%"
"Portugal","USA","SAN FRANCISCO, CA","1,063","1,038","25","2.35%"
"Estonia","TURKEY","ANKARA","1,056","874","179","16.95%"
"Netherlands","MALAYSIA","KUALA LUMPUR","1,055","730","250","23.87%"
"Italy","USA","DETROIT, MI","1,051","1,048","3","0.29%"
"Greece","CONGO (DEMOCRATIC REPUBLIC)","KINSHASA","1,040","394","524","50.38%"
"Hungary","IRAQ","ERBIL","1,040","600","429","41.25%"
"Italy","USA","BOSTON, MA","1,027","1,010","17","1.66%"
"Czech Republic","CUBA","HAVANA","1,023","785","238","23.26%"
"Poland","VIETNAM","HANOI","1,018","897","121","11.89%"
"Netherlands","CANADA","VANCOUVER","1,015","974","25","2.44%"
"Greece","UKRAINE","KYIV","1,011","936","70","6.92%"
"France","SOUTH KOREA","SEOUL","1,006","861","135","13.39%"
"Luxembourg","CHINA","SHANGHAI","1,004","976","28","2.79%"
"Belgium","USA","LOS ANGELES, CA","1,000","629","9","0.90%"
"Switzerland","CUBA","HAVANA","999","731","268","26.83%"
"Denmark","DENMARK","COPENHAGEN","994","965","5","0.50%"
"Hungary","PHILIPPINES","MANILA","993","950","33","3.32%"
"Germany","MALAYSIA","KUALA LUMPUR","980","863","109","11.11%"
"Netherlands","JAPAN","TOKYO","975","823","130","13.33%"
"Belgium","IRELAND","DUBLIN","972","835","14","1.44%"
"Switzerland","MADAGASCAR","ANTANANARIVO","971","771","200","20.60%"
"Italy","CYPRUS","NICOSIA","970","935","35","3.60%"
"Hungary","VIETNAM","HANOI","967","810","142","14.68%"
"Switzerland","JAPAN","TOKYO","965","940","25","2.59%"
"Hungary","SINGAPORE","SINGAPORE","963","947","12","1.25%"
"Norway","SRI LANKA","COLOMBO","955","847","98","10.26%"
"Germany","USA","MIAMI, FL","953","937","11","1.10%"
"Netherlands","TANZANIA","DAR ES SALAAM","951","819","123","12.89%"
"Spain","GUINEA","CONAKRY","950","479","418","43.98%"
"Czech Republic","GHANA","ACCRA","947","322","625","66.00%"
"Portugal","TURKEY","ANKARA","938","839","81","8.64%"
"Austria","PAKISTAN","ISLAMABAD","937","576","360","38.38%"
"Italy","ZAMBIA","LUSAKA","928","881","46","4.96%"
"Hungary","GHANA","ACCRA","927","388","536","57.82%"
"Belgium","TANZANIA","DAR ES SALAAM","917","839","37","4.03%"
"Greece","AUSTRALIA","MELBOURNE","915","912","2","0.22%"
"Netherlands","HONG KONG S.A.R.","HONG KONG","914","859","48","5.24%"
"Hungary","KUWAIT","KUWAIT","912","830","74","8.11%"
"Portugal","CUBA","HAVANA","910","643","267","28.65%"
"Italy","CONGO (DEMOCRATIC REPUBLIC)","KINSHASA","909","720","79","8.69%"
"Finland","MOROCCO","RABAT","908","398","504","55.51%"
"Portugal","BULGARIA","SOFIA","908","833","75","8.26%"
"Slovakia","TURKEY","ISTANBUL","908","739","137","15.09%"
"Czech Republic","MOROCCO","RABAT","906","723","183","20.20%"
"Germany","BULGARIA","SOFIA","905","877","20","2.21%"
"Hungary","MONGOLIA","ULAN BATOR","905","859","33","3.65%"
"Hungary","ISRAEL","TEL AVIV","901","794","94","10.43%"
"Lithuania","UKRAINE","KYIV","895","735","130","14.53%"
"Hungary","SERBIA","BELGRADE","894","843","42","4.70%"
"Czech Republic","ALGERIA","ALGIERS","893","512","381","42.67%"
"Czech Republic","ISRAEL","TEL AVIV","890","795","94","10.56%"
"Greece","IRELAND","DUBLIN","889","883","2","0.22%"
"France","MAURITIUS","PORT LOUIS","886","770","71","8.01%"
"Austria","CYPRUS","NICOSIA","883","877","6","0.68%"
"Finland","NEPAL","KATHMANDU","880","439","441","50.11%"
"Greece","NIGERIA","ABUJA","876","558","298","34.02%"
"Italy","UNITED KINGDOM","EDINBURGH","876","871","5","0.57%"
"Spain","NIGER","NIAMEY","876","662","161","18.38%"
"Poland","MOROCCO","RABAT","874","505","369","42.22%"
"Slovakia","EGYPT","CAIRO","869","596","261","30.03%"
"Finland","USA","NEW YORK, NY","858","680","154","17.95%"
"Spain","AUSTRALIA","MELBOURNE","858","895","10","1.17%"
"Spain","TANZANIA","DAR ES SALAAM","850","620","162","19.06%"
"Germany","BENIN","COTONOU","847","668","179","21.13%"
"Poland","KUWAIT","KUWAIT","847","707","140","16.53%"
"Lithuania","USA","CHICAGO, IL","846","839","0",""
"Slovakia","RUSSIAN FEDERATION","ST. PETERSBURG","844","838","3","0.36%"
"Portugal","IRELAND","DUBLIN","837","824","13","1.55%"
"Italy","ZIMBABWE","HARARE","836","804","32","3.83%"
"Portugal","USA","WASHINGTON, DC","833","811","19","2.28%"
"Austria","SENEGAL","DAKAR","831","470","361","43.44%"
"Finland","PHILIPPINES","MANILA","831","618","209","25.15%"
"Italy","ISRAEL","TEL AVIV","831","805","26","3.13%"
"Austria","ETHIOPIA","ADDIS ABEBA","828","804","23","2.77%"
"Italy","JAPAN","OSAKA","827","824","3","0.36%"
"Belgium","SINGAPORE","SINGAPORE","822","780","10","1.22%"
"Austria","CANADA","OTTAWA","810","797","13","1.60%"
"Italy","SOUTH KOREA","SEOUL","801","711","90","11.24%"
"Austria","USA","LOS ANGELES, CA","799","787","12","1.50%"
"Greece","MOROCCO","RABAT","793","585","192","24.21%"
"Poland","UKRAINE","LUTSK","791","716","75","9.48%"
"Belgium","USA","WASHINGTON, DC","786","650","29","3.69%"
"Italy","CANADA","MONTREAL","780","771","8","1.03%"
"Austria","USA","NEW YORK, NY","779","742","35","4.48%"
"Netherlands","MOZAMBIQUE","MAPUTO","779","710","61","7.82%"
"Greece","USA","LOS ANGELES, CA","777","759","1","0.13%"
"Austria","MALAYSIA","KUALA LUMPUR","775","713","62","8.00%"
"Germany","JAPAN","OSAKA","773","768","3","0.39%"
"Poland","ANGOLA","LUANDA","769","255","514","66.84%"
"Greece","CANADA","TORONTO","766","731","34","4.44%"
"Italy","CROATIA","ZAGREB","765","751","14","1.83%"
"Spain","CANADA","MONTREAL","761","746","",""
"Latvia","UNITED ARAB EMIRATES","ABU DHABI","760","476","258","33.95%"
"Lithuania","EGYPT","CAIRO","759","443","310","40.84%"
"Austria","USA","WASHINGTON, DC","755","747","8","1.06%"
"Austria","SERBIA","BELGRADE","751","723","28","3.73%"
"Belgium","CANADA","MONTREAL","750","528","156","20.80%"
"Greece","HONG KONG S.A.R.","HONG KONG","747","740","6","0.80%"
"Spain","GABON","LIBREVILLE","746","517","218","29.22%"
"Portugal","UKRAINE","KYIV","740","418","322","43.51%"
"Switzerland","PALESTINIAN AUTHORITY","RAMALLAH","735","692","34","4.63%"
"Hungary","UKRAINE","BEREHOVE","733","720","9","1.23%"
"Switzerland","SUDAN","KHARTOUM","725","457","177","24.41%"
"Finland","KENYA","NAIROBI","724","473","238","32.87%"
"Finland","NIGERIA","ABUJA","721","222","486","67.41%"
"Czech Republic","USA","NEW YORK, NY","720","705","1","0.14%"
"Slovenia","SERBIA","BELGRADE","717","658","24","3.35%"
"Greece","USA","SAN FRANCISCO, CA","715","705","0",""
"Czech Republic","GEORGIA","TBILISSI","712","604","107","15.03%"
"Czech Republic","IRAQ","ERBIL","706","394","312","44.19%"
"Germany","NEW ZEALAND","WELLINGTON","706","682","20","2.83%"
"Spain","CHILE","SANTIAGO DE CHILE","706","502","168","23.80%"
"Finland","NAMIBIA","WINDHOEK","704","670","33","4.69%"
"Finland","ALGERIA","ALGIERS","703","476","217","30.87%"
"Slovenia","EGYPT","CAIRO","703","529","177","25.18%"
"Denmark","IRELAND","DUBLIN","700","647","14","2.00%"
"Sweden","ISRAEL","JERUSALEM","698","394","278","39.83%"
"Austria","ISRAEL","TEL AVIV","695","662","32","4.60%"
"France","NEW ZEALAND","WELLINGTON","694","666","25","3.60%"
"Italy","MALAYSIA","KUALA LUMPUR","686","580","106","15.45%"
"Portugal","USA","NEW YORK, NY","680","651","25","3.68%"
"Slovenia","MONTENEGRO","PODGORICA","670","642","11","1.64%"
"Lithuania","UNITED KINGDOM","LONDON","669","614","46","6.88%"
"Malta","SAUDI ARABIA","RIYADH","668","561","103","15.42%"
"Slovakia","KUWAIT","KUWAIT","658","644","10","1.52%"
"Italy","USA","WASHINGTON, DC","656","644","12","1.83%"
"Slovenia","IRAN","TEHERAN","652","476","204","31.29%"
"Spain","MALAYSIA","KUALA LUMPUR","648","614","22","3.40%"
"Belgium","MOROCCO","RABAT","646","587","7","1.08%"
"Germany","SOUTH KOREA","SEOUL","644","568","74","11.46%"
"Iceland","INDIA","NEW DELHI","644","556","77","11.96%"
"Belgium","ISRAEL","JERUSALEM","639","389","221","34.59%"
"Luxembourg","UNITED KINGDOM","LONDON","634","625","9","1.42%"
"Slovakia","VIETNAM","HANOI","630","558","64","10.16%"
"Spain","AUSTRALIA","SYDNEY","628","622","",""
"Greece","AUSTRALIA","SYDNEY","627","623","0",""
"Hungary","UZBEKISTAN","TASHKENT","625","569","43","6.88%"
"Spain","ZIMBABWE","HARARE","621","577","18","2.89%"
"Denmark","AUSTRALIA","SYDNEY","620","605","20","3.23%"
"Czech Republic","USA","LOS ANGELES, CA","619","558","61","9.85%"
"Spain","PANAMA","PANAMA CITY","619","552","",""
"Portugal","CANADA","TORONTO","616","596","20","3.25%"
"Poland","ISRAEL","TEL AVIV","614","609","5","0.81%"
"Slovakia","CHINA","SHANGHAI","612","580","31","5.07%"
"France","BRAZIL","BRASILIA","611","553","50","8.10%"
"Greece","ETHIOPIA","ADDIS ABEBA","608","427","156","25.66%"
"Belgium","USA","ATLANTA, GA","596","292","",""
"Italy","NEW ZEALAND","WELLINGTON","595","589","6","1.01%"
"Austria","JAPAN","TOKYO","592","592","0",""
"Germany","ROMANIA","BUCHAREST","586","556","29","4.95%"
"Poland","KENYA","NAIROBI","586","422","164","27.99%"
"Czech Republic","NIGERIA","ABUJA","584","415","166","28.42%"
"Poland","USA","NEW YORK, NY","582","555","27","4.64%"
"Austria","CUBA","HAVANA","573","510","63","10.99%"
"Greece","USA","BOSTON, MA","571","566","0",""
"France","SAINT LUCIA","CASTRIES","567","534","11","1.92%"
"France","ISRAEL","TEL AVIV","565","519","24","4.21%"
"Poland","TUNISIA","TUNIS","564","416","148","26.24%"
"Czech Republic","PAKISTAN","ISLAMABAD","558","235","321","57.53%"
"Greece","USA","HOUSTON, TX","551","537","1","0.18%"
"Portugal","MACAO S.A.R.","MACAO","551","516","30","5.44%"
"Belgium","HONG KONG S.A.R.","HONG KONG","550","523","19","3.45%"
"Italy","SERBIA","BELGRADE","548","537","9","1.64%"
"Italy","ALBANIA","TIRANA","537","530","7","1.30%"
"Poland","SINGAPORE","SINGAPORE","537","503","34","6.33%"
"Hungary","BULGARIA","SOFIA","536","510","23","4.29%"
"Denmark","MALI","BAMAKO","528","259","246","46.59%"
"Poland","UKRAINE","KHARKIV","527","431","96","18.22%"
"Spain","ISRAEL","TEL AVIV","522","494","6","1.15%"
"Austria","IRELAND","DUBLIN","519","514","5","0.96%"
"Finland","USA","LOS ANGELES, CA","519","418","88","16.96%"
"Latvia","UNITED KINGDOM","LONDON","519","447","65","12.52%"
"Malta","ISRAEL","TEL AVIV","515","456","59","11.46%"
"Portugal","USA","NEWARK, NJ","515","505","10","1.94%"
"Portugal","USA","BOSTON, MA","514","480","24","4.66%"
"Netherlands","CANADA","OTTAWA","512","472","22","4.26%"
"Hungary","MOROCCO","RABAT","511","261","248","48.53%"
"Czech Republic","CANADA","TORONTO","504","497","6","1.19%"
"Netherlands","NEW ZEALAND","WELLINGTON","501","426","50","9.98%"
"Slovakia","KAZAKHSTAN","NUR-SULTAN","501","482","16","3.19%"
"Greece","ZIMBABWE","HARARE","498","411","83","16.67%"
"Poland","USA","LOS ANGELES, CA","494","490","4","0.81%"
"Spain","MEXICO","MEXICO CITY","494","405","53","10.64%"
"Czech Republic","HONG KONG S.A.R.","HONG KONG","487","486","1","0.21%"
"Netherlands","ANGOLA","LUANDA","487","276","196","39.84%"
"Poland","UKRAINE","ODESA","486","389","97","19.96%"
"Norway","LEBANON","BEIRUT","483","381","72","14.91%"
"Poland","PAKISTAN","ISLAMABAD","481","303","178","37.01%"
"Austria","HONG KONG S.A.R.","HONG KONG","480","477","3","0.62%"
"Slovenia","UNITED KINGDOM","LONDON","480","451","9","1.88%"
"Greece","USA","CHICAGO, IL","479","473","1","0.21%"
"Slovakia","INDONESIA","JAKARTA","477","472","0",""
"Italy","AUSTRALIA","BRISBANE","476","466","10","2.10%"
"Netherlands","ROMANIA","BUCHAREST","474","396","66","13.92%"
"Italy","AUSTRALIA","PERTH","472","470","2","0.42%"
"Spain","COLOMBIA","BOGOTA","470","463","8","1.70%"
"Switzerland","UKRAINE","KYIV","470","420","42","8.94%"
"Hungary","USA","NEW YORK, NY","467","448","15","3.21%"
"France","AFGHANISTAN","KABUL","466","423","12","2.58%"
"Netherlands","ISRAEL","TEL AVIV","466","396","39","8.35%"
"France","CYPRUS","NICOSIA","465","402","42","9.03%"
"Slovakia","UNITED ARAB EMIRATES","ABU DHABI","456","230","192","42.11%"
"Poland","SENEGAL","DAKAR","451","160","291","64.52%"
"Greece","PAKISTAN","ISLAMABAD","444","230","185","41.67%"
"Luxembourg","UNITED ARAB EMIRATES","ABU DHABI","444","381","63","14.19%"
"Norway","AUSTRALIA","CANBERRA","443","423","14","3.16%"
"Greece","ROMANIA","BUCHAREST","440","413","23","5.23%"
"Italy","ROMANIA","BUCHAREST","440","352","88","20.00%"
"Poland","IRELAND","DUBLIN","432","411","21","4.86%"
"Czech Republic","USA","WASHINGTON, DC","431","423","1","0.23%"
"Slovakia","UNITED KINGDOM","LONDON","430","420","1","0.23%"
"Greece","ISRAEL","TEL AVIV","425","418","0",""
"Czech Republic","AUSTRALIA","SYDNEY","423","415","6","1.42%"
"Italy","BULGARIA","SOFIA","422","415","7","1.66%"
"Portugal","IRAN","TEHERAN","419","277","131","31.26%"
"Spain","ROMANIA","BUCHAREST","419","372","32","7.64%"
"Spain","BRAZIL","SAO PAULO","411","330","64","15.50%"
"Germany","AFGHANISTAN","KABUl","406","112","277","68.23%"
"Czech Republic","KENYA","NAIROBI","405","361","44","10.86%"
"Greece","AUSTRALIA","PERTH","405","401","1","0.25%"
"Finland","JAPAN","TOKYO","400","383","15","3.75%"
"Greece","JAPAN","TOKYO","395","381","4","1.01%"
"Norway","ALGERIA","ALGIERS","395","211","181","45.82%"
"Austria","SYRIA","DAMASCUS","392","315","77","19.64%"
"Slovakia","TURKEY","ANKARA","389","316","72","18.51%"
"Latvia","EGYPT","CAIRO","387","240","129","33.33%"
"Greece","CUBA","HAVANA","386","287","92","23.83%"
"Hungary","MOLDOVA","CHISINAU","384","347","33","8.59%"
"Spain","SERBIA","BELGRADE","382","365","4","1.05%"
"Italy","GEORGIA","TBILISSI","366","244","122","33.33%"
"France","CHILE","SANTIAGO DE CHILE","360","215","134","37.09%"
"Spain","NIGERIA","ABUJA","359","293","8","2.23%"
"Hungary","TUNISIA","TUNIS","358","217","136","37.99%"
"Finland","TANZANIA","DAR ES SALAAM","357","282","69","19.33%"
"Slovakia","SOUTH AFRICA","PRETORIA","357","353","2","0.56%"
"Czech Republic","JAPAN","TOKYO","356","349","7","1.97%"
"Poland","UKRAINE","VINNYTSYA","354","269","85","24.01%"
"Spain","PERU","LIMA","354","338","",""
"Poland","ETHIOPIA","ADDIS ABEBA","352","270","82","23.30%"
"Switzerland","AUSTRIA","VIENNA","350","350","0",""
"Italy","SAN MARINO","SAN MARINO","348","346","2","0.57%"
"Sweden","JAPAN","TOKYO","348","305","17","4.89%"
"Denmark","MALAYSIA","KUALA LUMPUR","346","312","36","10.40%"
"Denmark","ETHIOPIA","ADDIS ABEBA","345","283","48","13.91%"
"Netherlands","NETHERLANDS","THE HAGUE","345","307","12","3.38%"
"Germany","TAIWAN","TAIPEI","341","311","30","8.80%"
"Netherlands","BENIN","COTONOU","339","240","89","26.02%"
"Czech Republic","IRELAND","DUBLIN","337","336","1","0.30%"
"Greece","NORTH MACEDONIA","SKOPJE","331","271","5","1.51%"
"Spain","BULGARIA","SOFIA","331","316","6","1.81%"
"Spain","SOUTH KOREA","SEOUL","331","279","29","8.76%"
"Czech Republic","SYRIA","DAMASCUS","330","185","3","0.91%"
"Czech Republic","USA","CHICAGO, IL","328","328","",""
"Luxembourg","THAILAND","BANGKOK","328","320","8","2.44%"
"Belgium","UKRAINE","KYIV","323","244","42","12.96%"
"Switzerland","SOUTH KOREA","SEOUL","323","302","21","6.50%"
"Belgium","JAPAN","TOKYO","321","283","9","2.80%"
"Denmark","JAPAN","TOKYO","319","316","3","0.94%"
"France","BULGARIA","SOFIA","319","300","12","3.76%"
"Greece","UKRAINE","ODESA","319","310","8","2.51%"
"France","TAIWAN","TAIPEI","316","292","11","3.48%"
"Portugal","ISRAEL","TEL AVIV","313","293","20","6.39%"
"Austria","BULGARIA","SOFIA","311","302","9","2.89%"
"France","BRAZIL","RIO DE JANEIRO","311","275","24","7.72%"
"Hungary","KENYA","NAIROBI","311","253","55","17.68%"
"Finland","ETHIOPIA","ADDIS ABEBA","310","223","86","27.74%"
"Germany","BOSNIA AND HERZEGOVINA","SARAJEVO","310","221","41","13.23%"
"Estonia","EGYPT","CAIRO","309","198","110","35.60%"
"Poland","ALBANIA","TIRANA","309","249","60","19.42%"
"Spain","NEW ZEALAND","WELLINGTON","308","340","",""
"Spain","CYPRUS","NICOSIA","307","296","4","1.30%"
"Poland","TANZANIA","DAR ES SALAAM","304","229","75","24.67%"
"Hungary","ANGOLA","LUANDA","303","117","175","57.76%"
"Slovenia","CROATIA","ZAGREB","303","295","11","3.63%"
"Czech Republic","ETHIOPIA","ADDIS ABEBA","298","192","106","35.57%"
"Germany","GEORGIA","TBILISSI","295","220","66","22.37%"
"Switzerland","NEW ZEALAND","WELLINGTON","295","288","5","1.69%"
"Czech Republic","IRAQ","BAGHDAD","294","283","1","0.34%"
"Poland","JAPAN","TOKYO","293","265","28","9.56%"
"Hungary","ROMANIA","BUCHAREST","292","242","45","15.41%"
"Germany","MONTENEGRO","PODGORICA","289","211","44","15.22%"
"France","GEORGIA","TBILISSI","285","246","44","15.44%"
"Poland","CUBA","HAVANA","285","248","37","12.98%"
"Belgium","AUSTRALIA","CANBERRA","284","248","5","1.76%"
"Luxembourg","USA","SAN FRANCISCO, CA","283","282","1","0.35%"
"Netherlands","SOUTH KOREA","SEOUL","281","198","74","26.50%"
"Estonia","UNITED KINGDOM","LONDON","280","260","17","6.07%"
"Spain","FRANCE","PARIS","279","269","",""
"Italy","NORTH MACEDONIA","SKOPJE","278","272","6","2.16%"
"Malta","IRELAND","DUBLIN","277","275","2","0.72%"
"Poland","CANADA","TORONTO","277","272","5","1.81%"
"Denmark","ISRAEL","TEL AVIV","274","245","22","8.03%"
"Netherlands","NETHERLANDS","WILLEMSTAD (CURACAO)","273","222","44","15.99%"
"Slovakia","UZBEKISTAN","TASHKENT","273","226","47","17.22%"
"Czech Republic","MALAYSIA","KUALA LUMPUR","271","179","92","33.95%"
"Portugal","ZIMBABWE","HARARE","271","237","29","10.70%"
"Estonia","UKRAINE","KYIV","269","228","37","13.75%"
"Germany","NORTH MACEDONIA","SKOPJE","269","185","33","12.22%"
"France","COMOROS","MUTSAMUDU","266","148","103","38.72%"
"Netherlands","AFGHANISTAN","KABUL","266","204","49","18.42%"
"France","VANUATU","PORT VILA","265","251","3","1.13%"
"Switzerland","ISRAEL","TEL AVIV","265","265","0",""
"Denmark","BURKINA FASO","OUAGADOUGOU","261","225","38","14.56%"
"Italy","CANADA","OTTAWA","261","253","8","3.07%"
"Greece","CANADA","MONTREAL","257","247","8","3.11%"
"Slovakia","IRAN","TEHERAN","257","186","79","30.74%"
"Germany","CROATIA","ZAGREB","256","223","29","11.28%"
"Latvia","GEORGIA","TBILISSI","255","194","65","25.49%"
"Poland","AUSTRALIA","SYDNEY","250","247","3","1.20%"
"Austria","ROMANIA","BUCHAREST","249","236","13","5.22%"
"Greece","SERBIA","BELGRADE","248","245","0",""
"Italy","MONTENEGRO","PODGORICA","248","244","4","1.61%"
"Sweden","IRAQ","BAGHDAD","248","241","",""
"Portugal","CANADA","VANCOUVER","246","245","",""
"Sweden","SOUTH KOREA","SEOUL","246","189","38","15.45%"
"Poland","BULGARIA","SOFIA","245","226","19","7.76%"
"Hungary","JAPAN","TOKYO","244","243","1","0.41%"
"Greece","ALBANIA","TIRANA","243","218","1","0.41%"
"Hungary","IRELAND","DUBLIN","243","237","4","1.65%"
"Portugal","BRAZIL","SAO PAULO","242","93","149","61.57%"
"Slovakia","LEBANON","BEIRUT","242","228","14","5.79%"
"Hungary","ECUADOR","QUITO","239","227","10","4.18%"
"Italy","BOSNIA AND HERZEGOVINA","SARAJEVO","239","228","11","4.60%"
"Italy","MOLDOVA","CHISINAU","239","223","16","6.69%"
"Poland","ROMANIA","BUCHAREST","237","208","29","12.24%"
"Finland","AUSTRALIA","CANBERRA","232","232","",""
"Portugal","BRAZIL","RIO DE JANEIRO","232","112","119","51.29%"
"Hungary","USA","WASHINGTON, DC","231","227","3","1.30%"
"Poland","SYRIA","DAMASCUS","231","141","90","38.96%"
"Portugal","USA","NEW BEDFORD, MA","229","225","4","1.75%"
"Finland","IRELAND","DUBLIN","228","224","2","0.88%"
"Sweden","LIBERIA","MONROVIA","228","218","",""
"Sweden","NORTH KOREA","PYONGYANG","224","228","",""
"Hungary","USA","LOS ANGELES, CA","222","219","3","1.35%"
"Austria","CROATIA","ZAGREB","221","213","8","3.62%"
"Italy","CHILE","SANTIAGO DE CHILE","221","219","2","0.90%"
"Spain","CANADA","OTTAWA","219","201","3","1.37%"
"Netherlands","MEXICO","MEXICO CITY","217","195","16","7.26%"
"Poland","USA","CHICAGO, IL","214","208","6","2.80%"
"Poland","HONG KONG S.A.R.","HONG KONG","212","212","0",""
"Germany","TRINIDAD AND TOBAGO","PORT OF SPAIN","211","193","18","6.71%"
"France","BRAZIL","SAO PAULO","210","131","76","36.19%"
"Italy","AUSTRALIA","ADELAIDE","207","204","3","1.45%"
"Hungary","MALAYSIA","KUALA LUMPUR","206","129","76","36.89%"
"Sweden","SUDAN","KHARTOUM","205","120","77","37.56%"
"Italy","BRAZIL","SAO PAULO","204","132","72","35.12%"
"Sweden","UKRAINE","KYIV","202","144","47","23.27%"
"Hungary","ETHIOPIA","ADDIS ABEBA","200","160","36","18.00%"
"Hungary","USA","CHICAGO, IL","200","194","4","2.00%"
"Italy","AUSTRALIA","CANBERRA","200","198","2","1.00%"
"Greece","AUSTRALIA","ADELAIDE","199","198","0",""
"Portugal","PAKISTAN","ISLAMABAD","199","147","52","26.13%"
"France","SPAIN","MADRID","198","178","3","1.52%"
"Poland","USA","WASHINGTON, DC","198","196","2","1.01%"
"Italy","MEXICO","MEXICO CITY","197","196","1","0.50%"
"Switzerland","ROMANIA","BUCHAREST","195","189","6","3.08%"
"France","CONGO (DEMOCRATIC REPUBLIC)","KINSHASA","194","134","35","18.04%"
"Malta","UNITED ARAB EMIRATES","DUBAI","194","105","81","41.75%"
"Norway","PALESTINIAN AUTHORITY","RAMALLAH","191","167","17","8.90%"
"Norway","EGYPT","CAIRO","189","142","41","21.69%"
"Portugal","CANADA","MONTREAL","186","173","13","6.99%"
"France","CROATIA","ZAGREB","184","181","0",""
"Italy","TAIWAN","TAIPEI","184","183","1","0.54%"
"Belgium","INDONESIA","JAKARTA","183","174","1","0.55%"
"Malta","KUWAIT","KUWAIT","183","172","11","6.01%"
"Austria","SOUTH KOREA","SEOUL","180","161","19","10.56%"
"Poland","SOUTH KOREA","SEOUL","180","136","44","24.44%"
"Slovakia","UKRAINE","UZHHOROD","180","174","5","2.78%"
"Hungary","CANADA","OTTAWA","179","168","7","3.91%"
"Hungary","CUBA","HAVANA","179","150","29","16.20%"
"Poland","MALAYSIA","KUALA LUMPUR","178","106","72","40.45%"
"Spain","AFGHANISTAN","KABUL","177","122","1","0.56%"
"Germany","RWANDA","KIGALI","176","140","8","4.55%"
"Greece","USA","ATLANTA, GA","176","148","21","11.93%"
"Slovakia","UKRAINE","KYIV","176","173","1","0.57%"
"Slovakia","THAILAND","BANGKOK","175","174","1","0.57%"
"Lithuania","GEORGIA","TBILISSI","174","100","73","41.95%"
"Belgium","SOUTH KOREA","SEOUL","172","103","44","25.58%"
"Finland","CYPRUS","NICOSIA","172","111","58","33.72%"
"Portugal","AUSTRALIA","SYDNEY","171","161","10","5.85%"
"Finland","ISRAEL","TEL AVIV","170","89","52","30.59%"
"Slovakia","ISRAEL","TEL AVIV","170","161","7","4.12%"
"Spain","URUGUAY","MONTEVIDEO","170","166","2","1.16%"
"Italy","AFGHANISTAN","KABUL","169","127","35","20.71%"
"France","COLOMBIA","BOGOTA","168","159","8","4.73%"
"Belgium","MALAYSIA","KUALA LUMPUR","166","135","20","12.05%"
"Germany","BRAZIL","SAO PAULO","166","138","26","16.17%"
"Germany","MOLDOVA","CHISINAU","166","152","14","8.38%"
"Netherlands","BULGARIA","SOFIA","165","139","25","15.88%"
"Czech Republic","SENEGAL","DAKAR","164","78","86","52.44%"
"Estonia","USA","NEW YORK, NY","161","146","10","6.21%"
"Lithuania","SOUTH AFRICA","PRETORIA","161","143","18","11.18%"
"Spain","USA","SAN JUAN, PR","159","151","",""
"Austria","TAIWAN","TAIPEI","157","155","2","1.27%"
"Greece","CANADA","VANCOUVER","157","156","1","0.64%"
"France","PERU","LIMA","155","142","6","3.77%"
"Germany","CONGO (DEMOCRATIC REPUBLIC)","KINSHASA","154","129","9","5.84%"
"Germany","MEXICO","MEXICO CITY","154","143","11","5.64%"
"Poland","CYPRUS","NICOSIA","154","132","22","14.29%"
"France","MEXICO","MEXICO CITY","153","121","17","10.69%"
"Germany","AUSTRALIA","SYDNEY","151","28","47","31.13%"
"Spain","GUATEMALA","GUATEMALA CITY","149","147","",""
"Portugal","JAPAN","TOKYO","148","147","1","0.68%"
"Slovenia","USA","WASHINGTON, DC","148","136","10","6.76%"
"Czech Republic","SOUTH KOREA","SEOUL","147","140","7","4.76%"
"Poland","USA","HOUSTON, TX","146","146","0",""
"Switzerland","BRAZIL","SAO PAULO","145","127","15","10.34%"
"Czech Republic","ROMANIA","BUCHAREST","144","107","37","25.69%"
"Germany","SLOVENIA","LJUBLJANA","144","78","27","18.75%"
"Spain","COSTA RICA","SAN JOSE","144","135","",""
"Greece","USA","TAMPA, FL","143","135","0",""
"Finland","BULGARIA","SOFIA","140","118","5","3.57%"
"Spain","VENEZUELA","CARACAS","140","78","54","39.44%"
"Austria","GERMANY","MUNICH","138","135","3","2.17%"
"Germany","CHILE","SANTIAGO DE CHILE","137","125","9","6.38%"
"Czech Republic","BULGARIA","SOFIA","135","131","4","2.96%"
"Malta","USA","WASHINGTON, DC","135","127","8","5.93%"
"Portugal","CANADA","OTTAWA","135","130","5","3.70%"
"Slovakia","KOSOVO","PRISTINA","134","112","22","16.42%"
"Finland","MALAYSIA","KUALA LUMPUR","133","68","63","47.37%"
"Germany","NORTH KOREA","PYONGYANG","130","117","13","10.00%"
"Portugal","BRAZIL","BRASILIA","130","96","34","26.15%"
"Netherlands","TAIWAN","TAIPEI","129","124","1","0.77%"
"Spain","BRAZIL","RIO DE JANEIRO","129","125","1","0.78%"
"Netherlands","NETHERLANDS","ARUBA","128","116","9","6.87%"
"Czech Republic","ZAMBIA","LUSAKA","126","114","12","9.52%"
"Germany","LITHUANIA","VILNIUS","122","105","11","9.02%"
"Luxembourg","USA","NEW YORK, NY","122","115","7","5.74%"
"Spain","ALBANIA","TIRANA","122","103","6","4.92%"
"Spain","ARGENTINA","CORDOBA","121","122","",""
"Germany","ALBANIA","TIRANA","118","66","20","16.95%"
"France","ARGENTINA","BUENOS AIRES","117","110","6","5.13%"
"Estonia","GEORGIA","TBILISSI","116","69","47","40.52%"
"Czech Republic","BOSNIA AND HERZEGOVINA","SARAJEVO","115","113","1","0.87%"
"Slovakia","KENYA","NAIROBI","114","101","14","12.28%"
"Spain","TRINIDAD AND TOBAGO","PORT OF SPAIN","114","109","2","1.69%"
"Switzerland","GEORGIA","TBILISSI","113","108","5","4.42%"
"Italy","ALBANIA","VLORE","112","110","1","0.89%"
"Lithuania","USA","NEW YORK, NY","112","78","32","28.57%"
"Portugal","PALESTINIAN AUTHORITY","RAMALLAH","112","90","22","19.64%"
"Netherlands","NORTH MACEDONIA","SKOPJE","111","62","17","15.32%"
"Spain","NORTH MACEDONIA","SKOPJE","111","33","5","4.50%"
"Finland","SAUDI ARABIA","RIYADH","110","100","5","4.55%"
"Czech Republic","CANADA","OTTAWA","107","103","4","3.74%"
"France","PANAMA","PANAMA CITY","107","97","6","5.50%"
"Germany","COLOMBIA","BOGOTA","107","103","3","2.52%"
"Hungary","SOUTH KOREA","SEOUL","107","83","23","21.50%"
"Sweden","ROMANIA","BUCHAREST","107","90","8","7.48%"
"Belgium","ISRAEL","TEL AVIV","106","94","5","4.72%"
"Germany","GUATEMALA","GUATEMALA CITY","105","105","0",""
"Netherlands","SERBIA","BELGRADE","104","87","14","13.33%"
"Netherlands","BRAZIL","SAO PAULO","103","79","18","17.31%"
"Belgium","ROMANIA","BUCHAREST","101","70","13","12.87%"
"Germany","ARGENTINA","BUENOS AIRES","100","92","5","4.95%"
"Netherlands","PERU","LIMA","100","84","15","14.56%"
"Slovakia","USA","NEW YORK, NY","100","100","0",""
"France","ALBANIA","TIRANA","99","91","3","3.03%"
"Latvia","USA","WASHINGTON, DC","98","97","1","1.02%"
"Norway","SUDAN","KHARTOUM","98","41","53","54.08%"
"Poland","CANADA","VANCOUVER","98","97","1","1.02%"
"Portugal","CYPRUS","NICOSIA","95","60","7","7.37%"
"Czech Republic","AFGHANISTAN","KABUL","94","88","2","2.13%"
"Lithuania","USA","LOS ANGELES, CA","94","88","1","1.06%"
"Portugal","SOUTH KOREA","SEOUL","94","94","",""
"Finland","SOUTH KOREA","SEOUL","93","58","34","36.56%"
"Norway","MOZAMBIQUE","MAPUTO","93","89","4","4.30%"
"Portugal","AUSTRALIA","CANBERRA","92","82","8","8.70%"
"Portugal","BRAZIL","SALVADOR DE BAHIA","92","59","33","35.87%"
"Belgium","PERU","LIMA","91","78","",""
"Lithuania","IRELAND","DUBLIN","91","91","0",""
"Norway","MALAWI","LILONGWE","91","85","4","4.40%"
"Poland","SERBIA","BELGRADE","91","81","10","10.99%"
"Spain","ANDORRA","ANDORRA LA VELLA","90","88","",""
"Slovenia","BOSNIA AND HERZEGOVINA","BANJA LUKA","89","69","19","21.35%"
"Hungary","ALBANIA","TIRANA","88","76","8","9.09%"
"Poland","CANADA","MONTREAL","88","88","0",""
"Belgium","BULGARIA","SOFIA","87","77","4","4.60%"
"Italy","PERU","LIMA","86","82","4","4.65%"
"Slovakia","CUBA","HAVANA","86","85","0",""
"Spain","MEXICO","GUADALAJARA","86","61","",""
"France","SERBIA","BELGRADE","85","80","1","1.15%"
"Denmark","ICELAND","REYKJAVIK","84","84","",""
"Greece","UKRAINE","MARIUPOL","84","77","5","5.95%"
"Slovenia","ISRAEL","TEL AVIV","84","78","2","2.38%"
"Netherlands","BOSNIA AND HERZEGOVINA","SARAJEVO","83","67","16","19.28%"
"France","FRANCE","PARIS","82","13","1","1.22%"
"Austria","SLOVAKIA","BRATISLAVA","81","81","0",""
"France","BOLIVIA","LA PAZ","81","80","0",""
"Greece","MONTENEGRO","PODGORICA","81","81","0",""
"Slovenia","USA","CLEVELAND, OH","81","81","",""
"Spain","EL SALVADOR","SAN SALVADOR","81","84","",""
"Greece","CANADA","OTTAWA","80","79","1","1.25%"
"Netherlands","CHILE","SANTIAGO DE CHILE","80","48","29","36.25%"
"Switzerland","TAIWAN","TAIPEI","79","78","1","1.27%"
"Czech Republic","PERU","LIMA","78","62","16","20.51%"
"France","VENEZUELA","CARACAS","78","69","5","6.17%"
"Switzerland","MEXICO","MEXICO CITY","78","71","7","8.97%"
"Spain","ARGENTINA","ROSARIO (Santa F)","76","75","",""
"Finland","MOZAMBIQUE","MAPUTO","75","60","15","20.00%"
"Poland","GEORGIA","TBILISSI","74","47","27","36.49%"
"France","RWANDA","KIGALI","73","70","4","5.48%"
"Greece","SOUTH KOREA","SEOUL","73","70","3","4.11%"
"Italy","COLOMBIA","BOGOTA","73","49","24","32.88%"
"Hungary","BOSNIA AND HERZEGOVINA","SARAJEVO","71","41","27","38.03%"
"Italy","ARGENTINA","BUENOS AIRES","71","69","2","2.82%"
"Spain","BRAZIL","PORTO ALEGRE","71","36","30","42.25%"
"Poland","MOLDOVA","CHISINAU","67","67","0",""
"Germany","PANAMA","PANAMA CITY","66","63","3","4.11%"
"Slovakia","SERBIA","BELGRADE","65","62","4","6.15%"
"Slovakia","USA","WASHINGTON, DC","65","65","0",""
"Spain","AUSTRALIA","CANBERRA","65","67","",""
"Spain","ARGENTINA","MENDOZA","63","62","",""
"Spain","MEXICO","MONTERREY","63","36","22","36.92%"
"Belgium","BRAZIL","SAO PAULO","62","33","12","19.35%"
"France","BOSNIA AND HERZEGOVINA","SARAJEVO","62","57","1","1.61%"
"Austria","BRAZIL","BRASILIA","61","61","0",""
"Czech Republic","TAIWAN","TAIPEI","61","61","",""
"Slovenia","UNITED ARAB EMIRATES","ABU DHABI","60","36","16","26.67%"
"Czech Republic","CROATIA","ZAGREB","59","53","",""
"Luxembourg","USA","WASHINGTON, DC","59","59","",""
"Hungary","CROATIA","ZAGREB","58","54","4","6.90%"
"Poland","PERU","LIMA","58","38","20","34.48%"
"Norway","ANGOLA","LUANDA","57","39","18","31.58%"
"Poland","TAIWAN","TAIPEI","57","53","4","7.02%"
"Slovenia","UKRAINE","KYIV","57","43","12","21.05%"
"Austria","MEXICO","MEXICO CITY","56","56","0",""
"Portugal","TIMOR-LESTE","DILI","55","54","0",""
"Spain","BRAZIL","BRASILIA","55","47","1","1.82%"
"Germany","BRAZIL","RIO DE JANEIRO","54","39","12","21.43%"
"Netherlands","TRINIDAD AND TOBAGO","PORT OF SPAIN","54","47","7","12.50%"
"Poland","NEW ZEALAND","WELLINGTON","54","54","0",""
"Czech Republic","AUSTRIA","VIENNA","53","1","1","1.89%"
"Estonia","IRELAND","DUBLIN","53","50","3","5.66%"
"Greece","ITALY","ROME","53","51","1","1.89%"
"Slovakia","ROMANIA","BUCHAREST","53","51","2","3.77%"
"Slovenia","AUSTRALIA","CANBERRA","53","51","1","1.89%"
"Greece","MEXICO","MEXICO CITY","52","48","3","5.77%"
"Lithuania","ISRAEL","TEL AVIV","52","51","0",""
"Slovakia","IRELAND","DUBLIN","52","49","0",""
"Netherlands","ARGENTINA","BUENOS AIRES","51","40","4","11.11%"
"Portugal","MEXICO","MEXICO CITY","51","49","2","3.92%"
"Portugal","ROMANIA","BUCHAREST","51","38","11","21.57%"
"Belgium","MEXICO","MEXICO CITY","50","48","1","2.00%"
"France","URUGUAY","MONTEVIDEO","50","41","7","12.96%"
"Austria","ALBANIA","TIRANA","49","46","3","6.12%"
"Denmark","MEXICO","MEXICO CITY","49","45","",""
"Spain","ARGENTINA","BAHIA BLANCA","49","57","",""
"Sweden","CHILE","SANTIAGO DE CHILE","49","48","1","2.04%"
"Denmark","TAIWAN","TAIPEI","48","41","1","2.08%"
"France","AUSTRALIA","CANBERRA","48","34","0",""
"France","BURUNDI","BUJUMBURA","48","47","0",""
"Greece","BOSNIA AND HERZEGOVINA","SARAJEVO","48","41","7","14.58%"
"Malta","AUSTRALIA","MELBOURNE","48","44","3","6.25%"
"Italy","SPAIN","MADRID","47","41","1","2.13%"
"Luxembourg","LUXEMBOURG","LUXEMBOURG","47","32","15","31.91%"
"Spain","PARAGUAY","ASUNCION","47","33","9","18.75%"
"Switzerland","CHILE","SANTIAGO DE CHILE","47","45","2","4.26%"
"France","GERMANY","FRANKFURT/MAIN","46","34","9","19.57%"
"Germany","PERU","LIMA","46","44","2","4.17%"
"Poland","NORTH KOREA","PYONGYANG","46","46","0",""
"Belgium","SERBIA","BELGRADE","45","37","4","8.89%"
"Malta","CANADA","TORONTO","44","38","4","9.09%"
"Germany","COSTA RICA","SAN JOSE","43","41","2","4.55%"
"Hungary","LIBYA","TRIPOLI","43","36","5","11.63%"
"Netherlands","GREECE","ATHENS","43","33","5","11.63%"
"Switzerland","BRAZIL","RIO DE JANEIRO","43","31","7","16.28%"
"France","SWITZERLAND","GENEVA","42","39","1","2.38%"
"Switzerland","PERU","LIMA","42","32","10","23.81%"
"Estonia","JAPAN","TOKYO","41","38","3","7.32%"
"Germany","SPAIN","MADRID","41","13","0",""
"Italy","BRAZIL","RIO DE JANEIRO","41","39","2","4.76%"
"Slovakia","BULGARIA","SOFIA","41","41","0",""
"Italy","FRANCE","PARIS","40","37","3","7.50%"
"Netherlands","COLOMBIA","BOGOTA","40","31","2","4.76%"
"Slovenia","JAPAN","TOKYO","40","40","",""
"Denmark","BULGARIA","SOFIA","39","36","3","7.69%"
"Denmark","GERMANY","BERLIN","39","36","1","2.56%"
"Norway","AFGHANISTAN","KABUL","39","22","2","5.13%"
"Portugal","PERU","LIMA","39","39","",""
"Spain","NICARAGUA","MANAGUA","39","33","",""
"Belgium","CHILE","SANTIAGO DE CHILE","38","30","5","13.16%"
"Estonia","AUSTRALIA","CANBERRA","38","36","1","2.63%"
"Sweden","SERBIA","BELGRADE","38","33","5","13.16%"
"Czech Republic","MEXICO","MEXICO CITY","37","36","1","2.70%"
"Luxembourg","ITALY","ROME","37","37","",""
"Spain","CROATIA","ZAGREB","37","35","",""
"Spain","HONDURAS","TEGUCIGALPA","37","35","",""
"Malta","AUSTRALIA","SYDNEY","36","32","3","8.33%"
"Malta","USA","NEW YORK, NY","36","33","3","8.33%"
"Slovakia","CANADA","OTTAWA","36","34","1","2.78%"
"Spain","BRAZIL","SALVADOR DE BAHIA","36","29","4","11.11%"
"Belgium","CROATIA","ZAGREB","35","29","1","2.86%"
"Estonia","CANADA","OTTAWA","35","34","1","2.86%"
"Slovakia","SOUTH KOREA","SEOUL","35","26","10","28.57%"
"Belgium","BELGIUM","BRUSSELS","34","28","",""
"Denmark","GERMANY","FLENSBURG","34","33","2","5.88%"
"Denmark","SPAIN","MADRID","34","31","",""
"Portugal","BRAZIL","BELO HORIZONTE","34","21","13","38.24%"
"Sweden","ISRAEL","TEL AVIV","34","32","1","2.94%"
"France","GUATEMALA","GUATEMALA CITY","33","31","0",""
"Greece","GEORGIA","TBILISSI","33","20","11","33.33%"
"Switzerland","SPAIN","BARCELONA","33","32","0",""
"Austria","ARGENTINA","BUENOS AIRES","32","32","0",""
"Czech Republic","GERMANY","BERLIN","32","8","1","3.12%"
"France","ITALY","ROME","32","30","2","6.25%"
"Latvia","CANADA","OTTAWA","32","32","",""
"Norway","IRAN","TEHERAN","32","7","1","3.12%"
"Greece","CHILE","SANTIAGO DE CHILE","31","28","3","9.68%"
"Hungary","OMAN","MUSCAT","31","23","7","22.58%"
"Italy","BRAZIL","CURITIBA","31","29","2","6.45%"
"Slovenia","NORTH MACEDONIA","SKOPJE","31","25","3","9.68%"
"Belgium","TAIWAN","TAIPEI","30","30","",""
"Netherlands","CYPRUS","NICOSIA","30","","28","93.33%"
"Sweden","AFGHANISTAN","KABUL","30","27","",""
"Denmark","AFGHANISTAN","KABUL","29","21","1","3.45%"
"Denmark","AUSTRIA","VIENNA","29","29","1","3.45%"
"Switzerland","COSTA RICA","SAN JOSE","29","26","3","10.34%"
"Denmark","SWEDEN","STOCKHOLM","28","23","4","14.29%"
"Germany","SWITZERLAND","BERN","28","28","0",""
"Italy","URUGUAY","MONTEVIDEO","28","26","2","7.14%"
"Latvia","JAPAN","TOKYO","28","28","",""
"Netherlands","CROATIA","ZAGREB","28","11","14","50.00%"
"Portugal","COLOMBIA","BOGOTA","28","28","",""
"Slovakia","CROATIA","ZAGREB","28","28","0",""
"Spain","BOSNIA AND HERZEGOVINA","SARAJEVO","28","27","",""
"Austria","COLOMBIA","BOGOTA","27","26","1","3.70%"
"Denmark","FRANCE","PARIS","27","23","",""
"France","BELGIUM","BRUSSELS","27","22","1","3.70%"
"Greece","AUSTRALIA","CANBERRA","27","27","0",""
"Norway","ISRAEL","TEL AVIV","27","27","0",""
"Switzerland","COLOMBIA","BOGOTA","27","26","1","3.70%"
"Denmark","NORWAY","OSLO","26","19","",""
"Poland","CANADA","OTTAWA","26","25","1","3.85%"
"Switzerland","ARGENTINA","BUENOS AIRES","26","24","2","7.69%"
"Germany","BRAZIL","PORTO ALEGRE","25","20","5","20.00%"
"Lithuania","JAPAN","TOKYO","25","24","0",""
"Lithuania","USA","WASHINGTON, DC","25","24","0",""
"Belgium","COLOMBIA","BOGOTA","24","22","",""
"Germany","HONDURAS","TEGUCIGALPA","24","24","0",""
"Hungary","TAIWAN","TAIPEI","24","22","",""
"Latvia","ISRAEL","TEL AVIV","24","23","1","4.17%"
"Lithuania","ROMANIA","BUCHAREST","24","12","11","45.83%"
"Poland","BRAZIL","CURITIBA","24","11","13","54.17%"
"Denmark","NETHERLANDS","THE HAGUE","23","21","",""
"Germany","GREECE","ATHENS","23","16","0",""
"Italy","GERMANY","FRANKFURT/MAIN","23","21","1","4.35%"
"Luxembourg","JAPAN","TOKYO","23","20","3","13.04%"
"Sweden","AUSTRALIA","CANBERRA","23","23","",""
"Finland","ROMANIA","BUCHAREST","22","21","1","4.55%"
"Norway","JAPAN","TOKYO","22","22","0",""
"Spain","MALTA","VALETTA","22","19","1","4.55%"
"Czech Republic","NORTH KOREA","PYONGYANG","21","21","",""
"Denmark","ROMANIA","BUCHAREST","21","18","4","19.05%"
"Finland","CHILE","SANTIAGO DE CHILE","21","15","6","28.57%"
"Portugal","ARGENTINA","BUENOS AIRES","21","15","6","28.57%"
"Slovakia","AUSTRALIA","CANBERRA","21","19","1","4.76%"
"Slovenia","CANADA","OTTAWA","21","19","1","4.76%"
"Czech Republic","CHILE","SANTIAGO DE CHILE","20","16","4","20.00%"
"Denmark","FINLAND","HELSINKI","20","19","",""
"Denmark","LATVIA","RIGA","20","20","",""
"Greece","NORTH MACEDONIA","BITOLA","20","18","1","5.00%"
"Italy","BRAZIL","RECIFE","20","19","1","5.00%"
"Norway","BRAZIL","RIO DE JANEIRO","20","19","1","5.00%"
"Estonia","ISRAEL","TEL AVIV","19","16","",""
"Germany","AUSTRIA","VIENNA","19","3","1","5.26%"
"Hungary","SERBIA","SUBOTICA","19","16","",""
"Poland","CROATIA","ZAGREB","19","18","1","5.26%"
"Slovakia","JAPAN","TOKYO","19","19","0",""
"Slovenia","ALBANIA","TIRANA","19","4","",""
"Germany","PARAGUAY","ASUNCION","18","18","0",""
"Italy","PARAGUAY","ASUNCION","18","18","",""
"Poland","PANAMA","PANAMA CITY","18","17","1","5.56%"
"Spain","GREECE","ATHENS","18","17","",""
"Czech Republic","BRAZIL","SAO PAULO","17","9","8","47.06%"
"Hungary","NORTH MACEDONIA","SKOPJE","17","17","",""
"Italy","COSTA RICA","SAN JOSE","17","16","1","5.88%"
"Italy","SWITZERLAND","GENEVA","17","17","",""
"Netherlands","VENEZUELA","CARACAS","17","11","6","35.29%"
"Spain","ITALY","MILAN","17","16","",""
"Austria","CHILE","SANTIAGO DE CHILE","16","16","0",""
"Czech Republic","BRAZIL","BRASILIA","16","10","6","37.50%"
"Czech Republic","SLOVAKIA","BRATISLAVA","16","14","1","6.25%"
"Denmark","BELGIUM","BRUSSELS","16","15","1","6.25%"
"Denmark","SERBIA","BELGRADE","16","15","1","6.25%"
"Finland","CROATIA","ZAGREB","16","13","",""
"Germany","NETHERLANDS","AMSTERDAM","16","16","0",""
"Greece","ARGENTINA","BUENOS AIRES","16","9","7","43.75%"
"Italy","GUATEMALA","GUATEMALA CITY","16","14","2","12.50%"
"Italy","VENEZUELA","CARACAS","16","14","2","11.76%"
"Lithuania","CANADA","OTTAWA","16","15","1","6.25%"
"Luxembourg","SWITZERLAND","BERN","16","15","1","6.25%"
"Netherlands","BRAZIL","RIO DE JANEIRO","16","8","1","5.88%"
"Slovenia","BULGARIA","SOFIA","16","14","2","12.50%"
"Belgium","POLAND","WARSAW","15","3","10","66.67%"
"Czech Republic","ALBANIA","TIRANA","15","7","8","53.33%"
"Germany","ITALY","ROME","15","10","5","33.33%"
"Greece","BRAZIL","SAO PAULO","15","15","0",""
"Greece","CROATIA","ZAGREB","15","14","0",""
"Italy","BRAZIL","BRASILIA","15","15","",""
"Poland","MEXICO","MEXICO CITY","15","15","0",""
"Spain","ITALY","ROME","15","14","",""
"Austria","SLOVENIA","LJUBLJANA","14","14","0",""
"Finland","SERBIA","BELGRADE","14","14","",""
"France","SWEDEN","STOCKHOLM","14","9","0",""
"Hungary","MEXICO","MEXICO CITY","14","14","",""
"Netherlands","SWEDEN","STOCKHOLM","14","11","2","14.29%"
"Portugal","PANAMA","PANAMA CITY","14","9","5","35.71%"
"Portugal","SWITZERLAND","GENEVA","14","13","1","7.14%"
"Sweden","GUATEMALA","GUATEMALA CITY","14","14","",""
"Czech Republic","ARGENTINA","BUENOS AIRES","13","13","",""
"Finland","PERU","LIMA","13","13","",""
"Germany","URUGUAY","MONTEVIDEO","13","13","0",""
"Italy","BRAZIL","BELO HORIZONTE","13","13","",""
"Italy","BRAZIL","PORTO ALEGRE","13","8","5","38.46%"
"Lithuania","BRAZIL","SAO PAULO","13","2","11","84.62%"
"Portugal","CROATIA","ZAGREB","13","9","4","30.77%"
"Spain","POLAND","WARSAW","13","12","",""
"Sweden","BOSNIA AND HERZEGOVINA","SARAJEVO","13","8","4","30.77%"
"Austria","PERU","LIMA","12","12","0",""
"Belgium","PORTUGAL","LISBON","12","4","1","8.33%"
"Germany","EL SALVADOR","SAN SALVADOR","12","12","0",""
"Luxembourg","PORTUGAL","LISBON","12","9","3","25.00%"
"Norway","SERBIA","BELGRADE","12","9","3","25.00%"
"Slovakia","BOSNIA AND HERZEGOVINA","SARAJEVO","12","12","0",""
"Slovakia","BRAZIL","BRASILIA","12","11","1","8.33%"
"Spain","FINLAND","HELSINKI","12","10","",""
"Switzerland","SPAIN","MADRID","12","12","0",""
"Czech Republic","POLAND","WARSAW","11","3","",""
"Finland","MEXICO","MEXICO CITY","11","11","",""
"Germany","VENEZUELA","CARACAS","11","7","1","8.33%"
"Italy","MALTA","VALETTA","11","4","",""
"Malta","AUSTRALIA","CANBERRA","11","10","0",""
"Netherlands","COSTA RICA","SAN JOSE","11","10","1","8.33%"
"Norway","ROMANIA","BUCHAREST","11","7","3","27.27%"
"Portugal","SERBIA","BELGRADE","11","11","",""
"Portugal","VENEZUELA","CARACAS","11","9","2","18.18%"
"Switzerland","CANADA","OTTAWA","11","10","0",""
"Belgium","ARGENTINA","BUENOS AIRES","10","9","",""
"Denmark","POLAND","WARSAW","10","6","2","20.00%"
"Netherlands","CONGO (DEMOCRATIC REPUBLIC)","KINSHASA","10","","",""
"Norway","SPAIN","MADRID","10","4","1","10.00%"
"Poland","COLOMBIA","BOGOTA","10","8","2","20.00%"
"Portugal","GREECE","ATHENS","10","","2","20.00%"
"Spain","HUNGARY","BUDAPEST","10","9","",""
"Switzerland","FRANCE","PARIS","10","7","0",""
"Switzerland","GERMANY","FRANKFURT/MAIN","10","10","0",""
"Belgium","PANAMA","PANAMA CITY","9","4","2","22.22%"
"Denmark","ITALY","ROME","9","7","",""
"Germany","BRAZIL","RECIFE","9","8","1","11.11%"
"Luxembourg","SPAIN","MADRID","9","9","",""
"Netherlands","SLOVAKIA","BRATISLAVA","9","","",""
"Spain","GERMANY","HAMBURG","9","2","",""
"Switzerland","GERMANY","STUTTGART","9","9","0",""
"Belgium","GREECE","ATHENS","8","5","1","12.50%"
"Belgium","HUNGARY","BUDAPEST","8","4","",""
"Denmark","PORTUGAL","LISBON","8","7","",""
"France","AUSTRIA","VIENNA","8","7","0",""
"France","GERMANY","BERLIN","8","4","0",""
"Germany","POLAND","WARSAW","8","8","0",""
"Netherlands","SRI LANKA","COLOMBO","8","4","1","12.50%"
"Portugal","ITALY","ROME","8","1","1","12.50%"
"Portugal","VENEZUELA","VALENCIA","8","6","2","25.00%"
"Spain","SWITZERLAND","GENEVA","8","2","",""
"Sweden","VIETNAM","HANOI","8","8","",""
"Hungary","COLOMBIA","BOGOTA","7","4","2","28.57%"
"Italy","AUSTRIA","VIENNA","7","7","",""
"Italy","FINLAND","HELSINKI","7","7","",""
"Lithuania","MOLDOVA","CHISINAU","7","5","2","28.57%"
"Netherlands","BANGLADESH","DHAKA","7","5","1","14.29%"
"Netherlands","HUNGARY","BUDAPEST","7","5","1","14.29%"
"Netherlands","KAZAKHSTAN","NUR-SULTAN","7","2","",""
"Norway","BRAZIL","BRASILIA","7","4","3","42.86%"
"Norway","GREECE","ATHENS","7","6","0",""
"Norway","PAKISTAN","ISLAMABAD","7","3","0",""
"Poland","BOSNIA AND HERZEGOVINA","SARAJEVO","7","6","1","14.29%"
"Poland","CHILE","SANTIAGO DE CHILE","7","7","0",""
"Poland","VENEZUELA","CARACAS","7","7","0",""
"Spain","GERMANY","BERLIN","7","6","",""
"Spain","GERMANY","DUSSELDORF","7","7","",""
"Switzerland","VENEZUELA","CARACAS","7","7","0",""
"Belgium","NETHERLANDS","THE HAGUE","6","4","",""
"Belgium","SPAIN","MADRID","6","3","1","16.67%"
"Finland","SPAIN","MADRID","6","","1","16.67%"
"France","DENMARK","COPENHAGEN","6","6","0",""
"Germany","SWEDEN","STOCKHOLM","6","2","1","16.67%"
"Italy","BELGIUM","BRUSSELS","6","5","1","16.67%"
"Luxembourg","FRANCE","PARIS","6","5","1","16.67%"
"Netherlands","FRANCE","PARIS","6","4","",""
"Norway","RUSSIAN FEDERATION","MURMANSK","6","6","0",""
"Portugal","FRANCE","LYON","6","2","3","50.00%"
"Portugal","HUNGARY","BUDAPEST","6","6","",""
"Slovakia","NORTH MACEDONIA","SKOPJE","6","6","0",""
"Spain","GERMANY","FRANKFURT/MAIN","6","6","",""
"Spain","PORTUGAL","LISBON","6","6","",""
"Spain","SLOVAKIA","BRATISLAVA","6","4","",""
"Spain","SWITZERLAND","ZURICH","6","6","",""
"Finland","ESTONIA","TALLINN","5","5","",""
"Finland","POLAND","WARSAW","5","2","1","20.00%"
"Germany","CZECH REPUBLIC","PRAGUE","5","5","0",""
"Germany","NICARAGUA","MANAGUA","5","5","0",""
"Germany","PORTUGAL","LISBON","5","5","0",""
"Greece","PERU","LIMA","5","5","0",""
"Greece","SPAIN","MADRID","5","3","0",""
"Norway","SOUTH SUDAN","JUBA","5","5","0",""
"Poland","DENMARK","COPENHAGEN","5","5","0",""
"Poland","FINLAND","HELSINKI","5","5","0",""
"Spain","NETHERLANDS","AMSTERDAM","5","4","",""
"Belgium","GERMANY","BERLIN","4","2","1","25.00%"
"Czech Republic","COLOMBIA","BOGOTA","4","4","",""
"Denmark","GREECE","ATHENS","4","3","1","25.00%"
"Finland","ARGENTINA","BUENOS AIRES","4","4","",""
"Finland","LITHUANIA","VILNIUS","4","","",""
"France","MALTA","VALETTA","4","2","0",""
"France","NORWAY","OSLO","4","1","0",""
"Germany","DENMARK","COPENHAGEN","4","4","0",""
"Germany","LATVIA","RIGA","4","4","0",""
"Greece","ALBANIA","KORCE","4","2","0",""
"Greece","VENEZUELA","CARACAS","4","4","0",""
"Hungary","ARGENTINA","BUENOS AIRES","4","4","",""
"Italy","NETHERLANDS","AMSTERDAM","4","4","",""
"Luxembourg","GREECE","ATHENS","4","4","",""
"Netherlands","CZECH REPUBLIC","PRAGUE","4","4","",""